Fecha;Hora;CO (ug/m3);H2S (ug/m3);NO2 (ug/m3);O3 (ug/m3);PM10 (ug/m3);PM2.5 (ug/m3);SO2 (ug/m3);Ruido (dB);UV;Humedad (%);Latitud;Longitud;Presion (Pa);Temperatura (C)
1/07/2020;00:00:00;0;0;85.21;0;40.8;18.59;7.27;72.48;0;91.64;-12.10972;-77.05194;100750.77;15.71
1/07/2020;01:00:00;0;0;84.51;0;48.19;21.02;7.28;69.67;0;91.32;-12.10972;-77.05194;100739.41;15.73
1/07/2020;02:00:00;0;0;83.38;0;40.88;18.83;7.25;72.05;0;92.59;-12.10972;-77.05194;100743.13;15.44
1/07/2020;03:00:00;0;0;82.5;0;33.65;17.38;7.26;70.18;0;92.89;-12.10972;-77.05194;100725.32;15.29
1/07/2020;04:00:00;0;0;84.14;0;23.4;13.8;7.27;70.77;0;92.35;-12.10972;-77.05194;100696.99;15.24
1/07/2020;05:00:00;0;0;89.76;0;16.79;11.06;7.29;77.13;0;91;-12.10972;-77.05194;100709.17;15.4
1/07/2020;06:00:00;0;0;96.53;0;15.4;9.57;7.33;88.63;0;90.42;-12.10972;-77.05194;100752.86;15.59
1/07/2020;07:00:00;14.18;0;114.16;0;41.47;15.21;7.41;94.35;0;93.38;-12.10972;-77.05194;100795.21;15.48
1/07/2020;08:00:00;253.98;2.64;116.49;0;21.24;11.08;7.56;94.62;0.06;93.46;-12.10972;-77.05194;100849.11;15.64
1/07/2020;09:00:00;32.63;0;109.47;0;31.15;12.82;7.52;97.2;0.28;89.9;-12.10972;-77.05194;100917.31;16.44
1/07/2020;10:00:00;22.94;0;102.73;0;45.64;16.62;7.53;99.97;0.47;90.37;-12.10972;-77.05194;100926.97;16.98
1/07/2020;11:00:00;94.38;0;90.28;0;32.68;12.54;7.91;97.17;0.74;85.4;-12.10972;-77.05194;100878.16;18.06
1/07/2020;12:00:00;0;0;71.71;0;31.02;9.95;7.81;96.61;0.9;85.23;-12.10972;-77.05194;100833.7;18.06
1/07/2020;13:00:00;0;0;56.61;0;27.55;8.1;7.96;97.21;1.27;82.4;-12.10972;-77.05194;100785.33;18.75
1/07/2020;14:00:00;0;0;36.22;0;27.64;8.41;8.26;100.71;1.58;76.28;-12.10972;-77.05194;100713.66;19.66
1/07/2020;15:00:00;0;0;59.44;0;28.79;9.04;8.08;96.48;1.15;76.88;-12.10972;-77.05194;100661.1;19.25
1/07/2020;16:00:00;0;0;92.41;0;30.63;10.25;7.74;98.2;0.66;82.76;-12.10972;-77.05194;100654.58;17.8
1/07/2020;17:00:00;0;0;97.36;0;37.85;10.92;7.44;96.79;0.26;89.5;-12.10972;-77.05194;100663.94;16.64
1/07/2020;18:00:00;18.3;0;112.39;0;36.71;10.71;7.34;97.2;0.01;90.9;-12.10972;-77.05194;100691.41;16.4
1/07/2020;19:00:00;0.01;0;117.04;0;72.07;15.75;7.27;102.51;0;92.45;-12.10972;-77.05194;100733.45;16.26
1/07/2020;20:00:00;0;0;102.42;0;82.8;14.95;7.25;100.71;0;92.08;-12.10972;-77.05194;100762.77;16.12
1/07/2020;21:00:00;0.85;0;95.52;0;81.13;15.97;7.26;100.1;0;91.67;-12.10972;-77.05194;100778.05;15.96
1/07/2020;22:00:00;0;0;89.73;0;85.42;17.12;7.25;99.25;0;92.57;-12.10972;-77.05194;100790.39;15.99
1/07/2020;23:00:00;0;0;83.09;0;112.84;20.5;7.23;80.84;0;93.1;-12.10972;-77.05194;100805.95;15.93
2/07/2020;00:00:00;0;0;80.21;0;82.19;17.12;7.24;79.58;0;92.2;-12.10972;-77.05194;100784.44;15.98
2/07/2020;01:00:00;0;0;77.54;0;108.86;20.83;7.24;76.57;0;91.01;-12.10972;-77.05194;100734.48;15.93
2/07/2020;02:00:00;0;0;77.04;0;115.78;21.49;7.22;84.38;0;91.02;-12.10972;-77.05194;100688.81;15.89
2/07/2020;03:00:00;0;0;77.67;0;96.53;19.33;7.22;71.88;0;91.61;-12.10972;-77.05194;100639.29;15.86
2/07/2020;04:00:00;0;0;78.38;0;54.43;13.05;7.2;74.81;0;95.12;-12.10972;-77.05194;100602.5;15.63
2/07/2020;05:00:00;0;0;77.15;0;55.99;13.9;7.2;74.03;0;96.13;-12.10972;-77.05194;100595.68;15.48
2/07/2020;06:00:00;0;0;80.78;0;54.49;14.8;7.21;95.38;0;96.58;-12.10972;-77.05194;100606.38;15.29
2/07/2020;07:00:00;0;0;89.61;0;54.2;15.4;7.27;95.8;0;96.65;-12.10972;-77.05194;100625.14;15.36
2/07/2020;08:00:00;0;0;90.81;0;56.85;15.85;7.29;96.25;0.06;96.28;-12.10972;-77.05194;100670.01;15.57
2/07/2020;09:00:00;0.92;0;78.03;0;52.84;15.48;7.28;96.32;0.26;94.05;-12.10972;-77.05194;100725.89;15.92
2/07/2020;10:00:00;4.68;0;74.3;0;49.16;13.93;7.43;99.46;0.55;91.58;-12.10972;-77.05194;100759.13;16.47
2/07/2020;11:00:00;0;0;55.32;0;28.65;8.81;7.73;97.19;0.87;84.82;-12.10972;-77.05194;100744.27;17.23
2/07/2020;12:00:00;0;0;59.84;0;22.21;7.59;7.68;99.48;1.05;87.99;-12.10972;-77.05194;100718.68;16.93
2/07/2020;13:00:00;0;0;59.59;0;17.42;6.44;7.76;100.51;1.22;83.61;-12.10972;-77.05194;100665.76;17.25
2/07/2020;14:00:00;0;0;55.7;0;26.29;9.55;8.04;94.56;1.37;86.36;-12.10972;-77.05194;100592.82;17.8
2/07/2020;15:00:00;0;0;65.52;0;28.98;9.82;7.9;97.57;0.95;87.1;-12.10972;-77.05194;100539.66;17.39
2/07/2020;16:00:00;0;0;83.04;0;33.39;9.83;7.61;100.25;0.52;87.66;-12.10972;-77.05194;100529.66;16.8
2/07/2020;17:00:00;0;0;91.63;0;46.4;11.35;7.44;100.52;0.21;87.2;-12.10972;-77.05194;100536.08;16.51
2/07/2020;18:00:00;0;0;99;0;43.62;11.52;7.28;99.86;0.01;88.68;-12.10972;-77.05194;100577.48;16.09
2/07/2020;19:00:00;0;0;103.95;0;40.84;11.64;7.25;101.62;0;89.32;-12.10972;-77.05194;100638.12;15.97
2/07/2020;20:00:00;0;0;95.89;0;47.03;12.36;7.22;93.72;0;90.18;-12.10972;-77.05194;100674.8;15.88
2/07/2020;21:00:00;0;0;90.28;0;98.3;20.36;7.21;94.85;0;91.2;-12.10972;-77.05194;100736.54;15.81
2/07/2020;22:00:00;0;0;83.32;0;99.12;20.54;7.22;88.79;0;91.13;-12.10972;-77.05194;100777.02;15.85
2/07/2020;23:00:00;0;0;78.21;0;79.29;17.76;7.21;77.04;0;91.08;-12.10972;-77.05194;100790.69;15.71
3/07/2020;00:00:00;0;0;81.6;0;137.55;29.22;7.24;72.96;0;91.28;-12.10972;-77.05194;100769.91;15.87
3/07/2020;01:00:00;0;0;89.6;0;31.98;15.56;7.3;72.83;0;86.56;-12.10972;-77.05194;100740.32;16.07
3/07/2020;02:00:00;0;0;92.88;0;69.1;22.96;7.3;85.6;0;86.02;-12.10972;-77.05194;100705.95;16.25
3/07/2020;03:00:00;0;0;83.87;0;72.79;23.03;7.26;71.39;0;91;-12.10972;-77.05194;100673.22;16.02
3/07/2020;04:00:00;0;0;79.79;0;58.68;21.26;7.25;75.48;0;89.74;-12.10972;-77.05194;100647.56;15.87
3/07/2020;05:00:00;0;0;91.09;0;45.94;20.29;7.25;79.9;0;88.79;-12.10972;-77.05194;100643.49;15.9
3/07/2020;06:00:00;0;0;102.78;0;57.81;26.69;7.29;89.4;0;87.51;-12.10972;-77.05194;100680.23;15.91
3/07/2020;07:00:00;122.2;24.73;190.01;0;53.27;26.56;7.51;95.69;0;84.38;-12.10972;-77.05194;100712.9;16.35
3/07/2020;08:00:00;138.87;7.6;139.73;0;36.99;20.78;7.51;93.73;0.1;83.14;-12.10972;-77.05194;100758.91;16.47
3/07/2020;09:00:00;176.57;0.17;104.72;0;33.51;18.63;7.66;97.65;0.4;81.58;-12.10972;-77.05194;100813.18;16.92
3/07/2020;10:00:00;18.9;0;77.57;0;39.46;16.89;7.69;95.19;0.74;78.67;-12.10972;-77.05194;100841.3;17.89
3/07/2020;11:00:00;0;0;49.69;0;32.77;9.49;8.03;103.29;1.83;74.49;-12.10972;-77.05194;100842.25;19.23
3/07/2020;12:00:00;1.86;0;4.38;0.12;22.57;6.6;8.57;99.54;4.38;66.02;-12.10972;-77.05194;100797.38;21.42
3/07/2020;13:00:00;0;0;2.95;9.73;16.01;5.74;8.5;100.73;4.48;68.29;-12.10972;-77.05194;100725.82;20.52
3/07/2020;14:00:00;0;0;13.98;5.67;15.56;5.91;8.34;100.49;3.03;67.91;-12.10972;-77.05194;100655.26;20.62
3/07/2020;15:00:00;0;0;39.22;2.49;17.11;6.42;8.22;102.71;1.58;69.82;-12.10972;-77.05194;100601.43;20.14
3/07/2020;16:00:00;0;0;67.97;0.23;19.6;7.86;8.05;97.42;0.78;73.82;-12.10972;-77.05194;100564.81;19.09
3/07/2020;17:00:00;0;0;97.83;0;18.01;7.03;7.85;102.55;0.31;77.81;-12.10972;-77.05194;100582.99;18.23
3/07/2020;18:00:00;0;0;135.3;0;24.28;8.92;7.33;103.09;0.03;83.26;-12.10972;-77.05194;100634.85;16.74
3/07/2020;19:00:00;0.31;0;139.09;0;29.41;10.33;7.17;92.54;0;86.48;-12.10972;-77.05194;100665.64;16.21
3/07/2020;20:00:00;0;0;131.28;0;47.23;13.27;7.17;95.68;0;89.52;-12.10972;-77.05194;100710.8;16.01
3/07/2020;21:00:00;0;0;120.66;0;118.62;22.91;7.19;91.8;0;92.41;-12.10972;-77.05194;100764;15.8
3/07/2020;22:00:00;0;0;110.43;0;108.12;20.35;7.23;98.77;0;92.02;-12.10972;-77.05194;100788.67;15.59
3/07/2020;23:00:00;0;0;99.93;0;145.83;23.83;7.2;74.25;0;92.61;-12.10972;-77.05194;100807.26;15.42
4/07/2020;00:00:00;0;0;93.4;0;72.32;16.8;7.19;81.92;0;93.99;-12.10972;-77.05194;100831.5;15.29
4/07/2020;01:00:00;0;0;90.43;0;98.8;28;7.18;66.92;0;95.82;-12.10972;-77.05194;100818.59;15.07
4/07/2020;02:00:00;0;0;89.28;0;120.63;34.97;7.19;67.33;0;97.25;-12.10972;-77.05194;100783.13;14.89
4/07/2020;03:00:00;0;0;89.75;0;113.96;35.11;7.21;75.33;0;97.98;-12.10972;-77.05194;100743.42;14.88
4/07/2020;04:00:00;0;0;85.52;0;84.98;28.19;7.22;67.83;0;97.56;-12.10972;-77.05194;100710.07;14.99
4/07/2020;05:00:00;0;0;83.33;0;70.04;24.89;7.21;78.42;0;97.13;-12.10972;-77.05194;100729.55;15.22
4/07/2020;06:00:00;0;0;83.06;0;39.68;17.26;7.19;79.96;0;96.92;-12.10972;-77.05194;100778.22;15.22
4/07/2020;07:00:00;0;0;97.57;0;57.8;25.31;7.25;98.77;0;95.92;-12.10972;-77.05194;100822.74;15.2
4/07/2020;08:00:00;0;0;100.7;0;51.81;25.6;7.29;94.78;0.04;94.8;-12.10972;-77.05194;100873.76;15.4
4/07/2020;09:00:00;0;0;94.61;0;46.99;25.13;7.31;94.17;0.19;93.38;-12.10972;-77.05194;100917.09;15.59
4/07/2020;10:00:00;0;0;86.9;0;48.91;19.79;7.3;102.15;0.39;92.44;-12.10972;-77.05194;100957.04;15.86
4/07/2020;11:00:00;2.81;0;75.76;0;38.72;15.06;7.59;104.47;0.86;86.92;-12.10972;-77.05194;100976.4;17.05
4/07/2020;12:00:00;0;0;48.07;0.75;37.25;14.02;7.98;99.2;1.46;81.79;-12.10972;-77.05194;100898.36;17.86
4/07/2020;13:00:00;0;0;36.85;11.68;25.96;11.37;8.06;98.8;2.43;82.87;-12.10972;-77.05194;100798.46;17.96
4/07/2020;14:00:00;0;0;8.15;26.26;13.13;5.74;8.3;100.6;2.8;80.65;-12.10972;-77.05194;100731.34;18.29
4/07/2020;15:00:00;0;0;48.09;16.02;19.82;8;7.94;100.25;1.24;81.51;-12.10972;-77.05194;100644;18.1
4/07/2020;16:00:00;0;0;45.02;7.28;21.95;8.59;8.06;100.38;0.78;79.62;-12.10972;-77.05194;100611.7;18.65
4/07/2020;17:00:00;13.52;0;112.14;0.004;36.22;10.85;7.63;100.84;0.18;86.3;-12.10972;-77.05194;100616.27;17.27
4/07/2020;18:00:00;0;0;131.59;0;64.58;16.74;7.22;101.26;0.04;92.15;-12.10972;-77.05194;100633.21;16.37
4/07/2020;19:00:00;0;0;131.99;0;82.92;20.78;7.2;100.88;0;93.26;-12.10972;-77.05194;100662.79;16
4/07/2020;20:00:00;28.67;0;126.84;0;75.59;20.71;7.26;98.73;0;93.99;-12.10972;-77.05194;100681.46;15.9
4/07/2020;21:00:00;0;0;115.21;0;91.74;21.62;7.23;94.33;0;94.87;-12.10972;-77.05194;100720.03;15.66
4/07/2020;22:00:00;0;0;106.3;0;84.7;20.46;7.22;87.49;0;96.47;-12.10972;-77.05194;100775.76;15.6
4/07/2020;23:00:00;0;0;90.62;0;77.05;17.98;7.21;83.03;0;96.38;-12.10972;-77.05194;100789.91;15.73
5/07/2020;00:00:00;0;0;83.06;0;82.94;19.31;7.2;76.82;0;96.88;-12.10972;-77.05194;100803.73;15.69
5/07/2020;01:00:00;0;0;80.85;0;51.34;16.61;7.21;74.62;0;96.72;-12.10972;-77.05194;100787.62;15.67
5/07/2020;02:00:00;0;0;76.32;0;44.05;13.61;7.2;72.13;0;96.59;-12.10972;-77.05194;100769.46;15.56
5/07/2020;03:00:00;0;0;75.23;0;32.32;12.14;7.21;68.39;0;97.44;-12.10972;-77.05194;100760.73;15.35
5/07/2020;04:00:00;0;0;76.87;0;27.78;11.34;7.2;71.71;0;97.83;-12.10972;-77.05194;100728.47;15.14
5/07/2020;05:00:00;0;0;77.21;0;39.7;14.15;7.2;66.08;0;97.7;-12.10972;-77.05194;100730.29;15.33
5/07/2020;06:00:00;0;0;78.05;0;27.41;10.33;7.19;74.21;0;98.22;-12.10972;-77.05194;100786.17;15.05
5/07/2020;07:00:00;0;0;87.34;0;24.64;9.23;7.22;80.45;0;98.32;-12.10972;-77.05194;100848.2;15.09
5/07/2020;08:00:00;0;0;83.31;0;22.53;8.89;7.23;83.94;0.03;97.66;-12.10972;-77.05194;100879.83;15.3
5/07/2020;09:00:00;0;0;80.27;0;32.87;10.87;7.24;95.95;0.13;96.47;-12.10972;-77.05194;100910.94;15.59
5/07/2020;10:00:00;0;0;73.15;0;37.34;12.08;7.27;90.69;0.4;94.7;-12.10972;-77.05194;100951.77;16.03
5/07/2020;11:00:00;0;0;55.04;0;26.38;8.78;7.47;92.48;0.81;91.3;-12.10972;-77.05194;100946.98;16.4
5/07/2020;12:00:00;0;0;51.63;0;26.18;8.54;7.62;87.2;1.1;89.67;-12.10972;-77.05194;100876.45;16.65
5/07/2020;13:00:00;0;0;53.52;0;29.04;8.74;7.71;96.86;1.12;88.68;-12.10972;-77.05194;100812.33;16.95
5/07/2020;14:00:00;0;0;49.85;0;29.43;8.75;7.91;92.31;1.41;86.73;-12.10972;-77.05194;100742.53;17.39
5/07/2020;15:00:00;0;0;53.25;0;26.53;8.34;7.89;94.85;1.11;86.84;-12.10972;-77.05194;100684.38;17.28
5/07/2020;16:00:00;0;0;77.29;0;26.16;8.55;7.52;94.06;0.59;89.22;-12.10972;-77.05194;100653.88;16.5
5/07/2020;17:00:00;0;0;84.69;0;23.94;8.48;7.46;97.43;0.35;89.64;-12.10972;-77.05194;100645.41;16.54
5/07/2020;18:00:00;0;0;91.28;0;33.9;10.87;7.26;102.05;0.03;92.74;-12.10972;-77.05194;100649.44;15.85
5/07/2020;19:00:00;0;0;99.96;0;30.22;10.15;7.21;101.6;0;94.87;-12.10972;-77.05194;100700.17;15.55
5/07/2020;20:00:00;0;0;94.33;0;33.51;11.6;7.21;98.64;0;95.35;-12.10972;-77.05194;100769.3;15.49
5/07/2020;21:00:00;0;0;92.35;0;39.33;13.07;7.21;95.3;0;95.3;-12.10972;-77.05194;100819.31;15.54
5/07/2020;22:00:00;0;0;87.97;0;38.77;13.78;7.23;84.09;0;95.2;-12.10972;-77.05194;100826.08;15.53
5/07/2020;23:00:00;0;0;87.49;0;44.88;15.62;7.23;81.3;0;95.47;-12.10972;-77.05194;100802;15.47
6/07/2020;00:00:00;0;0;84.35;0;39.22;16.05;7.24;70.62;0;96.47;-12.10972;-77.05194;100799.24;15.2
6/07/2020;01:00:00;0;0;83.92;0;40.94;19.02;7.24;65.51;0;97.1;-12.10972;-77.05194;100808.45;15.14
6/07/2020;02:00:00;0;0;85.73;0;47.38;21.96;7.26;72.57;0;97.56;-12.10972;-77.05194;100781.5;15.1
6/07/2020;03:00:00;0;0;82.29;0;46.99;20.3;7.25;68.88;0;97.61;-12.10972;-77.05194;100729.05;15.13
6/07/2020;04:00:00;0;0;83.86;0;48.26;21.76;7.26;72.93;0;98.37;-12.10972;-77.05194;100691.65;14.92
6/07/2020;05:00:00;0;0;84.59;0;68.19;33.6;7.27;85.56;0;99.19;-12.10972;-77.05194;100682.89;14.87
6/07/2020;06:00:00;0;0;87.77;0;71.17;39.81;7.27;88.79;0;99.3;-12.10972;-77.05194;100694.3;14.9
6/07/2020;07:00:00;14.05;0;100.1;0;60.69;33.99;7.34;96.27;0;99.3;-12.10972;-77.05194;100740.04;14.86
6/07/2020;08:00:00;6.06;0;95.47;0;32.96;15.63;7.35;99.69;0.04;98.67;-12.10972;-77.05194;100839.93;14.99
6/07/2020;09:00:00;129.88;0;94.25;0;27.72;14.2;7.43;97.39;0.2;95.96;-12.10972;-77.05194;100911.26;15.55
6/07/2020;10:00:00;9.29;0;84.19;0;34.35;11.59;7.39;96.41;0.34;94.61;-12.10972;-77.05194;100938.04;16.06
6/07/2020;11:00:00;78.02;0;80.24;0;32.34;9.72;7.51;95.46;0.54;93.16;-12.10972;-77.05194;100942.75;16.58
6/07/2020;12:00:00;0;0;67.43;0;30.68;9.18;7.53;99.07;0.8;93.63;-12.10972;-77.05194;100935.86;16.42
6/07/2020;13:00:00;0;0;59.12;0;33.92;8.91;7.76;99.2;0.85;87.36;-12.10972;-77.05194;100870.93;17.35
6/07/2020;14:00:00;0;0;48.1;0;22.18;7.29;7.91;97.76;1.12;86.5;-12.10972;-77.05194;100793;17.27
6/07/2020;15:00:00;0;0;59.93;0;20.72;6.94;7.78;94.73;1;88.87;-12.10972;-77.05194;100723.49;16.92
6/07/2020;16:00:00;0;0;82.38;0;19.8;6.55;7.46;101.21;0.56;92.44;-12.10972;-77.05194;100709.96;16.21
6/07/2020;17:00:00;0;0;95.12;0;30.68;7.76;7.36;98.46;0.24;93.88;-12.10972;-77.05194;100750.55;16.23
6/07/2020;18:00:00;0;0;106.95;0;77.24;15.68;7.26;99.6;0;95.07;-12.10972;-77.05194;100797.74;16.02
6/07/2020;19:00:00;0;0;112.84;0;85.44;17.37;7.3;100.44;0;94.66;-12.10972;-77.05194;100869.73;16
6/07/2020;20:00:00;5.34;0;104.82;0;90.12;20.16;7.3;90.92;0;92.9;-12.10972;-77.05194;100909.76;16.05
6/07/2020;21:00:00;0;0;101.14;0;76.63;21.42;7.28;92;0;92.1;-12.10972;-77.05194;100921.43;16.12
6/07/2020;22:00:00;0;0;91.21;0;67.52;18.23;7.24;97.03;0;94.71;-12.10972;-77.05194;100945.7;15.77
6/07/2020;23:00:00;0;0;84.85;0;95.43;23.73;7.22;89.62;0;94.96;-12.10972;-77.05194;100946.08;15.66
7/07/2020;00:00:00;0;0;82.12;0;72.74;20.26;7.22;84.23;0;94.62;-12.10972;-77.05194;100918.45;15.59
7/07/2020;01:00:00;0;0;80.26;0;81.41;20.37;7.22;82.2;0;94.99;-12.10972;-77.05194;100878.26;15.56
7/07/2020;02:00:00;0;0;80.36;0;98.38;23.19;7.22;71.06;0;96.45;-12.10972;-77.05194;100837.34;15.41
7/07/2020;03:00:00;0;0;78.52;0;52.51;15.58;7.22;75.99;0;96.61;-12.10972;-77.05194;100814.61;15.31
7/07/2020;04:00:00;0;0;72.19;0;42.12;10.42;7.23;79.09;0;95.04;-12.10972;-77.05194;100823.16;15.25
7/07/2020;05:00:00;0;0;75.55;0;100.3;19.47;7.22;80.91;0;95;-12.10972;-77.05194;100852.09;15.35
7/07/2020;06:00:00;0;0;87.67;0;94.08;18.41;7.21;89.28;0;98.21;-12.10972;-77.05194;100880.88;15.06
7/07/2020;07:00:00;0;0;95.51;0;53.04;13.4;7.25;90.28;0;99.3;-12.10972;-77.05194;100908.85;14.86
7/07/2020;08:00:00;0;0;99.51;0;50.83;13.36;7.3;95.91;0.04;99.3;-12.10972;-77.05194;100966.93;15.08
7/07/2020;09:00:00;72.39;0;97.74;0;31.77;9.34;7.4;100.69;0.18;99.3;-12.10972;-77.05194;101047.78;15.5
7/07/2020;10:00:00;0;0;74.83;0;40.73;10.79;7.4;94.32;0.43;98.31;-12.10972;-77.05194;101077.05;15.87
7/07/2020;11:00:00;0;0;72.01;0;37.7;10.14;7.55;94.91;0.53;92.17;-12.10972;-77.05194;101055.14;16.51
7/07/2020;12:00:00;0;0;59.79;0;18.93;6.56;7.7;98.66;1.15;91.65;-12.10972;-77.05194;101045.05;16.76
7/07/2020;13:00:00;1.36;0;33.9;0;11.1;3.91;8.24;99.66;1.86;87.45;-12.10972;-77.05194;100985.1;17.88
7/07/2020;14:00:00;0;0;19.37;4.83;10.85;4.23;8.27;100.55;2.22;86.93;-12.10972;-77.05194;100895.77;17.81
7/07/2020;15:00:00;0;0;17.08;4.22;10.31;3.81;8.2;97.75;1.66;85.05;-12.10972;-77.05194;100820.76;18.11
7/07/2020;16:00:00;0;0;74;0.41;19.48;6.8;8.08;101.99;0.91;86.21;-12.10972;-77.05194;100779.33;17.87
7/07/2020;17:00:00;0;0;109.01;0;55.01;13.05;7.58;99.31;0.26;90.65;-12.10972;-77.05194;100796.3;16.91
7/07/2020;18:00:00;0;0;115.7;0;70.57;16.51;7.28;102.64;0.01;94.79;-12.10972;-77.05194;100855.55;16.17
7/07/2020;19:00:00;0;0;117.07;0;111.11;22.53;7.29;94.53;0;94.59;-12.10972;-77.05194;100891.56;16.2
7/07/2020;20:00:00;0;0;106.87;0;94.82;22.37;7.29;99.37;0;95.06;-12.10972;-77.05194;100908.18;16.3
7/07/2020;21:00:00;0;0;96.22;0;105.57;22.6;7.24;95.6;0;95.99;-12.10972;-77.05194;100940.65;16.11
7/07/2020;22:00:00;0;0;93.42;0;103.86;22.58;7.24;99.05;0;96.12;-12.10972;-77.05194;100944.5;16.08
7/07/2020;23:00:00;0;0;81.81;0;71.97;17.77;7.21;76.63;0;96.77;-12.10972;-77.05194;100929.87;15.93
8/07/2020;00:00:00;0;0;75.16;0;35.2;12.19;7.21;72.33;0;95.6;-12.10972;-77.05194;100905.18;15.79
8/07/2020;01:00:00;0;0;74.57;0;34.98;11.77;7.21;75.06;0;93.88;-12.10972;-77.05194;100864.5;15.72
8/07/2020;02:00:00;0;0;77.03;0;63.22;16.07;7.21;71.89;0;96.68;-12.10972;-77.05194;100829.97;15.58
8/07/2020;03:00:00;0;0;77.91;0;72.06;17.65;7.2;70.01;0;97.93;-12.10972;-77.05194;100780.63;15.49
8/07/2020;04:00:00;0;0;80.76;0;45.23;12.21;7.2;66.9;0;98.95;-12.10972;-77.05194;100761.72;15.29
8/07/2020;05:00:00;0;0;81.5;0;110.11;30.53;7.21;72.32;0;98.41;-12.10972;-77.05194;100774.02;15.56
8/07/2020;06:00:00;0;0;104.17;0;93.01;25.05;7.22;93.52;0;99.14;-12.10972;-77.05194;100806.76;15.49
8/07/2020;07:00:00;0;0;124.98;0;84.86;25.71;7.37;99.41;0;98.64;-12.10972;-77.05194;100845.9;15.64
8/07/2020;08:00:00;8.55;0;112.67;0;58.08;18.27;7.33;100.31;0.06;96.66;-12.10972;-77.05194;100901.11;15.96
8/07/2020;09:00:00;0;0;107.34;0;44.43;15.21;7.36;95.64;0.32;96.03;-12.10972;-77.05194;100936.08;16.35
8/07/2020;10:00:00;0.6;0;97.65;0;27.03;9.78;7.48;92.69;0.59;94.91;-12.10972;-77.05194;100922.19;16.5
8/07/2020;11:00:00;0;0;76.42;0;24.48;8.82;7.46;96.33;0.71;96.25;-12.10972;-77.05194;100958.67;16.31
8/07/2020;12:00:00;0;0;65.67;0;28.43;7.66;7.61;96.36;0.88;94.06;-12.10972;-77.05194;100970.76;16.74
8/07/2020;13:00:00;0;0;64.42;0;25.4;7.3;7.84;97.1;0.81;90.24;-12.10972;-77.05194;100898.36;17.53
8/07/2020;14:00:00;0;0;68.42;0;25.69;7.74;7.82;95.88;0.79;89.56;-12.10972;-77.05194;100809.39;17.52
8/07/2020;15:00:00;19.17;0;74.64;0;26.08;7.76;7.83;99.01;0.67;90.41;-12.10972;-77.05194;100752.53;17.45
8/07/2020;16:00:00;0;0;91.77;0;55.7;13.16;7.43;102.33;0.3;93.27;-12.10972;-77.05194;100746.26;16.68
8/07/2020;17:00:00;0;0;99.03;0;47.72;12.77;7.26;99.56;0.15;96.31;-12.10972;-77.05194;100743.93;16.26
8/07/2020;18:00:00;0;0;102.9;0;67.7;15.69;7.25;97.37;0;95.67;-12.10972;-77.05194;100766.34;16.01
8/07/2020;19:00:00;0;0;108.52;0;97.02;19.09;7.27;94.6;0;96.82;-12.10972;-77.05194;100784.87;15.75
8/07/2020;20:00:00;0;0;100.25;0;91.07;18.42;7.24;99.42;0;99.13;-12.10972;-77.05194;100813.96;15.41
8/07/2020;21:00:00;0;0;103.04;0;92.35;18.29;7.25;92.9;0;99.3;-12.10972;-77.05194;100844.08;15.23
8/07/2020;22:00:00;0;0;93.75;0;127.78;23.09;7.26;87.03;0;99.3;-12.10972;-77.05194;100835.31;15.2
8/07/2020;23:00:00;0;0;84.46;0;116.87;23.21;7.25;66.09;0;99.3;-12.10972;-77.05194;100792.18;15.26
9/07/2020;00:00:00;0;0;77.11;0;96.94;23.51;7.25;76.48;0;99.3;-12.10972;-77.05194;100763.2;15.32
9/07/2020;01:00:00;0;0;76.6;0;85;21.19;7.22;65.84;0;99.3;-12.10972;-77.05194;100798.03;15.5
9/07/2020;02:00:00;0;0;72.75;0;44.04;13.33;7.23;65.05;0;99.3;-12.10972;-77.05194;100770.63;15.35
9/07/2020;03:00:00;0;0;71.17;0;49.06;14.32;7.23;68.17;0;99.1;-12.10972;-77.05194;100709.78;15.3
9/07/2020;04:00:00;0;0;72.06;0;59.66;15.08;7.2;75.67;0;97.93;-12.10972;-77.05194;100690.87;15.34
9/07/2020;05:00:00;0;0;73.58;0;40.2;11.41;7.2;72.59;0;96.85;-12.10972;-77.05194;100689.75;15.17
9/07/2020;06:00:00;0;0;93.16;0;30.02;10.15;7.25;89.26;0;95.8;-12.10972;-77.05194;100701.59;15.23
9/07/2020;07:00:00;54.65;0;114.27;0;39.14;14.27;7.39;96.97;0;94.31;-12.10972;-77.05194;100756.93;15.53
9/07/2020;08:00:00;70.57;0;110.45;0;46.03;16.73;7.48;97.45;0.01;92.61;-12.10972;-77.05194;100850.01;15.83
9/07/2020;09:00:00;0.18;0;94.14;0;30.8;11.3;7.36;94.53;0.14;91.04;-12.10972;-77.05194;100920.85;16.03
9/07/2020;10:00:00;0;0;79.92;0;26.05;9.28;7.3;94.92;0.34;91.98;-12.10972;-77.05194;100958.24;15.88
9/07/2020;11:00:00;0;0;77.95;0;27.47;9.17;7.51;95.97;0.72;89.65;-12.10972;-77.05194;100972.42;16.79
9/07/2020;12:00:00;0;0;52.21;0;17.58;6.42;7.76;95.22;1.01;84.27;-12.10972;-77.05194;100940.72;17.56
9/07/2020;13:00:00;0.01;0;54.39;0;14.04;6.11;7.85;95.88;0.94;82.73;-12.10972;-77.05194;100874.74;17.45
9/07/2020;14:00:00;0;0;74.99;0;17.83;7.68;7.56;96.08;0.86;90.08;-12.10972;-77.05194;100801.63;16.57
9/07/2020;15:00:00;0;0;73.06;0;15.99;6.74;7.51;100.3;0.74;90.28;-12.10972;-77.05194;100720.27;16.34
9/07/2020;16:00:00;0;0;78.58;0;29.92;8.47;7.58;96.5;0.38;83.92;-12.10972;-77.05194;100671.46;17.28
9/07/2020;17:00:00;0;0;92.95;0;17.34;6.32;7.42;100.06;0.2;89.05;-12.10972;-77.05194;100662.65;16.57
9/07/2020;18:00:00;3.53;0;106.68;0;26.08;8.8;7.24;100.75;0.03;93.39;-12.10972;-77.05194;100681.17;15.97
9/07/2020;19:00:00;0.94;0;107.34;0;69.36;17.03;7.21;99.8;0;95.71;-12.10972;-77.05194;100711.43;15.66
9/07/2020;20:00:00;0;0;112.15;0;84.72;19.93;7.23;94.76;0;96.41;-12.10972;-77.05194;100750.34;15.47
9/07/2020;21:00:00;0.31;0;111.23;0;78.78;21.6;7.29;99.11;0;95.36;-12.10972;-77.05194;100811.07;15.64
9/07/2020;22:00:00;0;0;96.58;0;90.63;24.43;7.22;95.02;0;94.3;-12.10972;-77.05194;100843.06;15.69
9/07/2020;23:00:00;0;0;88.48;0;69.83;17.18;7.22;90.51;0;95.14;-12.10972;-77.05194;100840.63;15.7
10/07/2020;00:00:00;0;0;80.03;0;83.51;16.61;7.22;82.98;0;95.7;-12.10972;-77.05194;100828.96;15.61
10/07/2020;01:00:00;0;0;76.77;0;85.52;16.85;7.21;89.28;0;94.08;-12.10972;-77.05194;100814.82;15.68
10/07/2020;02:00:00;0;0;76.41;0;66.22;14.92;7.19;75;0;94.55;-12.10972;-77.05194;100755.01;15.67
10/07/2020;03:00:00;0;0;75.96;0;109;21.42;7.17;86.27;0;95.9;-12.10972;-77.05194;100697.46;15.39
10/07/2020;04:00:00;0;0;77.98;0;121.75;24.07;7.17;74.34;0;96;-12.10972;-77.05194;100663.06;15.3
10/07/2020;05:00:00;0;0;76.8;0;109.7;23.14;7.18;75.71;0;95.95;-12.10972;-77.05194;100659.87;15.26
10/07/2020;06:00:00;0;0;88.73;0;101.1;22.64;7.19;94.65;0;96.15;-12.10972;-77.05194;100661.74;15.26
10/07/2020;07:00:00;18.45;0;106.61;0;99.63;22.64;7.21;95.39;0;96.67;-12.10972;-77.05194;100709.2;15.3
10/07/2020;08:00:00;0;0;109.79;0;114.91;25;7.27;93.5;0.06;95.97;-12.10972;-77.05194;100779.42;15.57
10/07/2020;09:00:00;11.37;0;95.22;0;69.78;17.48;7.29;96.19;0.21;93.83;-12.10972;-77.05194;100839.85;16.02
10/07/2020;10:00:00;16.61;0;89.72;0;47.8;14.28;7.33;97.23;0.26;93.96;-12.10972;-77.05194;100889.35;16.21
10/07/2020;11:00:00;3.53;0;85.63;0;36.39;12.22;7.42;95.81;0.5;93.32;-12.10972;-77.05194;100904.46;16.46
10/07/2020;12:00:00;28.59;0;73.57;0;29.17;10.15;7.67;102.17;0.79;90.69;-12.10972;-77.05194;100869.47;16.94
10/07/2020;13:00:00;0;0;65.73;0;25.21;9.01;7.71;100.43;0.83;88.78;-12.10972;-77.05194;100831.68;16.97
10/07/2020;14:00:00;0;0;68.29;0;43.11;13.3;7.58;101.75;0.7;90.16;-12.10972;-77.05194;100799.26;16.66
10/07/2020;15:00:00;0;0;79.74;0;57.39;15.41;7.37;103.16;0.47;90.94;-12.10972;-77.05194;100749.3;16.33
10/07/2020;16:00:00;0;0;84.62;0;57.98;14.9;7.27;101.31;0.27;89.63;-12.10972;-77.05194;100733.31;16.1
10/07/2020;17:00:00;0;0;91.77;0;66.88;16.07;7.23;98.51;0.12;89.91;-12.10972;-77.05194;100742.26;15.92
10/07/2020;18:00:00;0;0;92.96;0;71.99;17.05;7.21;101.49;0;90.25;-12.10972;-77.05194;100778.88;15.57
10/07/2020;19:00:00;0;0;99.38;0;44.62;13.71;7.23;93.27;0;91.29;-12.10972;-77.05194;100822.32;15.44
10/07/2020;20:00:00;0;0;97.82;0;56.15;15.49;7.23;99.46;0;91.94;-12.10972;-77.05194;100857.58;15.44
10/07/2020;21:00:00;0;0;94.24;0;84.01;20.1;7.23;92.21;0;92.06;-12.10972;-77.05194;100886.78;15.47
10/07/2020;22:00:00;0;0;93.85;0;90.76;21.64;7.23;98.42;0;92.14;-12.10972;-77.05194;100902.5;15.48
10/07/2020;23:00:00;0;0;88.83;0;42.41;15.27;7.23;77.98;0;92.31;-12.10972;-77.05194;100924.56;15.46
11/07/2020;00:00:00;0;0;88.87;0;36.55;16.31;7.25;73.92;0;92.4;-12.10972;-77.05194;100924.48;15.42
11/07/2020;01:00:00;0;0;90.2;0;38.08;17.25;7.26;72.65;0;91.71;-12.10972;-77.05194;100920.07;15.45
11/07/2020;02:00:00;0;0;84.03;0;40.15;17.6;7.23;74.89;0;92.12;-12.10972;-77.05194;100885.48;15.27
11/07/2020;03:00:00;0;0;82.55;0;45.21;17.19;7.21;70.31;0;92.6;-12.10972;-77.05194;100878.41;15.1
11/07/2020;04:00:00;0;0;87.64;0;48.07;19.4;7.19;71.33;0;93.56;-12.10972;-77.05194;100883.53;14.93
11/07/2020;05:00:00;0;0;87.75;0;43.93;17.69;7.2;74.9;0;94.56;-12.10972;-77.05194;100875.67;14.79
11/07/2020;06:00:00;0;0;94.73;0;37.81;16.44;7.23;89.48;0;94.77;-12.10972;-77.05194;100863.51;14.68
11/07/2020;07:00:00;0;0;124.85;0;24.71;14.02;7.33;91.92;0;95.09;-12.10972;-77.05194;100872.44;14.73
11/07/2020;08:00:00;13.23;0;129.58;0;24.56;11.92;7.42;93.4;0.03;94.74;-12.10972;-77.05194;100907.91;14.87
11/07/2020;09:00:00;242.83;0.29;122.28;0;19.83;8.77;7.55;100.38;0.2;90.21;-12.10972;-77.05194;100961.71;15.55
11/07/2020;10:00:00;157.3;0.002;110.17;0;18.58;8.64;7.52;98.48;0.35;87.14;-12.10972;-77.05194;100987.7;15.98
11/07/2020;11:00:00;69.97;0;102;0;17.25;8.23;7.58;99.5;0.6;83.97;-12.10972;-77.05194;100968.59;16.51
11/07/2020;12:00:00;5.01;0;77.28;0;19.42;7.24;7.84;97.81;1.11;79.01;-12.10972;-77.05194;100925.86;17.84
11/07/2020;13:00:00;0;0;10.96;3.99;15.13;5.14;8.33;101.3;3.71;69.98;-12.10972;-77.05194;100856.43;20.1
11/07/2020;14:00:00;0;0;0.01;11.98;11.87;5.07;8.47;102.34;2.96;63.99;-12.10972;-77.05194;100767.28;21.4
11/07/2020;15:00:00;0;0;27.94;7.29;14.52;5.96;8.12;103.29;1.59;75.7;-12.10972;-77.05194;100727.21;18.42
11/07/2020;16:00:00;0;0;60.66;1.82;18.85;6.43;7.95;94.75;0.76;78.03;-12.10972;-77.05194;100689.39;17.84
11/07/2020;17:00:00;0;0;96.67;0;19.94;6.86;7.69;100.32;0.3;80.75;-12.10972;-77.05194;100676.85;17.23
11/07/2020;18:00:00;0;0;135.84;0;33.04;10.07;7.23;93.17;0.04;88.35;-12.10972;-77.05194;100689.84;15.92
11/07/2020;19:00:00;0.03;0;135.66;0;62.01;18.39;7.17;95.14;0;91.39;-12.10972;-77.05194;100718.57;15.67
11/07/2020;20:00:00;38.93;0;124.88;0;83.66;24.56;7.19;98.78;0;92.14;-12.10972;-77.05194;100724.25;15.46
11/07/2020;21:00:00;0;0;121.67;0;104.72;32.89;7.19;99.87;0;92.2;-12.10972;-77.05194;100746.92;15.26
11/07/2020;22:00:00;0;0;114.35;0;122.05;37.85;7.19;93.03;0;92.55;-12.10972;-77.05194;100784.33;15.1
11/07/2020;23:00:00;0;0;102.11;0;113.73;43.81;7.15;91.02;0;93.45;-12.10972;-77.05194;100797.88;15.06
12/07/2020;00:00:00;1.16;0;88.91;0;92.68;33.7;7.17;89.54;0;93.3;-12.10972;-77.05194;100778.03;15.2
12/07/2020;01:00:00;0;0;85.69;0;109.22;34.7;7.17;82.2;0;93.55;-12.10972;-77.05194;100768.1;15.15
12/07/2020;02:00:00;0;0;83.64;0;89.96;29.65;7.17;95.09;0;93.87;-12.10972;-77.05194;100765.88;15.02
12/07/2020;03:00:00;0;0;80.9;0;59.09;25.69;7.19;82.99;0;94.1;-12.10972;-77.05194;100767.64;15.1
12/07/2020;04:00:00;0;0;81.57;0;57.77;29.25;7.2;89.59;0;93.78;-12.10972;-77.05194;100747.14;15.13
12/07/2020;05:00:00;0;0;83.4;0;75.5;34.21;7.22;67.3;0;93.82;-12.10972;-77.05194;100747.91;15.06
12/07/2020;06:00:00;0;0;83.38;0;58.65;34.85;7.23;76.56;0;94.26;-12.10972;-77.05194;100758.87;14.94
12/07/2020;07:00:00;0;0;98.82;0;72.62;50.72;7.29;82.83;0;94.66;-12.10972;-77.05194;100796.2;14.88
12/07/2020;08:00:00;19.44;0;105.72;0;105.92;79.71;7.4;87.57;0.13;93.1;-12.10972;-77.05194;100856.67;15.25
12/07/2020;09:00:00;0;0;79.37;0;77.17;47.59;7.43;99.5;0.81;90.92;-12.10972;-77.05194;100904.65;16.06
12/07/2020;10:00:00;0;0;52.62;0.17;44.21;26.54;7.68;92.92;2.08;90.41;-12.10972;-77.05194;100937.29;16.3
12/07/2020;11:00:00;0;0;32.84;1.48;29.45;17.91;8;92.31;2.28;87.4;-12.10972;-77.05194;100951.19;17.04
12/07/2020;12:00:00;0;0;38.38;3.66;22.99;14.68;8.04;98.14;1.93;84.14;-12.10972;-77.05194;100936.05;17.49
12/07/2020;13:00:00;0;0;54.97;2.54;24.93;13.5;7.92;95.44;1.88;87.26;-12.10972;-77.05194;100870.79;16.73
12/07/2020;14:00:00;0;0;54.96;2.29;24.69;13.68;7.97;100.28;1.94;84.83;-12.10972;-77.05194;100780.22;17.51
12/07/2020;15:00:00;0;0;70.84;2.72;27.14;15.33;7.8;97.64;1.29;84.39;-12.10972;-77.05194;100725.32;17.31
12/07/2020;16:00:00;0;0;88.97;0.22;27.62;16.28;7.55;94.05;0.84;88.01;-12.10972;-77.05194;100697.19;16.4
12/07/2020;17:00:00;0;0;97.92;0;26.03;15.65;7.3;98.6;0.34;91.89;-12.10972;-77.05194;100705.43;15.51
12/07/2020;18:00:00;0;0;107.7;0;39.7;22.59;7.11;93.28;0.04;94.06;-12.10972;-77.05194;100742.1;15.13
12/07/2020;19:00:00;0;0;113.94;0;42.91;22.34;7.1;99.19;0;95.52;-12.10972;-77.05194;100789.54;14.77
12/07/2020;20:00:00;0;0;101.55;0;35.72;19.37;7.12;101.25;0;97.17;-12.10972;-77.05194;100845.11;14.58
12/07/2020;21:00:00;0;0;96.15;0;35.07;16.38;7.2;95.75;0;97.39;-12.10972;-77.05194;100897.12;14.75
12/07/2020;22:00:00;0;0;93.9;0;34.14;13.29;7.24;83.45;0;96.64;-12.10972;-77.05194;100936.95;14.91
12/07/2020;23:00:00;0;0;83.86;0;31.25;13.58;7.23;86.21;0;96.22;-12.10972;-77.05194;100948.84;15.02
13/07/2020;00:00:00;0;0;80.49;0;43.43;16.26;7.22;75.25;0;96.85;-12.10972;-77.05194;100952.92;15.02
13/07/2020;01:00:00;0;0;79.82;0;45.64;18.1;7.21;66.7;0;97.34;-12.10972;-77.05194;100933.47;14.9
13/07/2020;02:00:00;0;0;80.94;0;51.72;19.71;7.21;71;0;98.83;-12.10972;-77.05194;100882.24;14.58
13/07/2020;03:00:00;0;0;81;0;51.39;20.63;7.2;69.85;0;99.3;-12.10972;-77.05194;100836.17;14.41
13/07/2020;04:00:00;0;0;80.66;0;41.49;22.28;7.22;69.94;0;99.3;-12.10972;-77.05194;100796.95;14.47
13/07/2020;05:00:00;0;0;83.63;0;50.43;28.22;7.22;65.84;0;99.3;-12.10972;-77.05194;100793.23;14.43
13/07/2020;06:00:00;0;0;92.54;0;60.95;32.37;7.25;84.82;0;99.3;-12.10972;-77.05194;100816.91;14.59
13/07/2020;07:00:00;9;0;108.08;0;63.94;36.4;7.31;93.68;0;99.3;-12.10972;-77.05194;100871.27;14.67
13/07/2020;08:00:00;48.63;0.06;116.22;0;69.22;40.83;7.41;103.34;0.03;99.3;-12.10972;-77.05194;100920.5;14.9
13/07/2020;09:00:00;5.08;0;104.57;0;68.31;45.03;7.39;94.91;0.36;98.2;-12.10972;-77.05194;100977.64;15.41
13/07/2020;10:00:00;0;0;93.15;0;63.4;43.26;7.41;99.91;0.59;96.55;-12.10972;-77.05194;100982.9;15.68
13/07/2020;11:00:00;0;0;85.26;0;54.61;36.45;7.48;98.89;0.72;94.85;-12.10972;-77.05194;100994.21;16.28
13/07/2020;12:00:00;0;0;74.04;0;47.4;25.88;7.44;97.72;0.71;94.38;-12.10972;-77.05194;100956.47;16.16
13/07/2020;13:00:00;0;0;79.27;0;40.3;17.92;7.38;96.48;0.72;97.06;-12.10972;-77.05194;100898.71;15.76
13/07/2020;14:00:00;0;0;72.33;0;51.89;18.36;7.39;102.58;0.68;97.32;-12.10972;-77.05194;100824.57;15.52
13/07/2020;15:00:00;0;0;69.92;0;24.48;10.76;7.44;100.29;0.81;96.33;-12.10972;-77.05194;100760.25;15.64
13/07/2020;16:00:00;0;0;71;0;21.66;9.68;7.42;100.3;0.61;95.31;-12.10972;-77.05194;100711.17;15.67
13/07/2020;17:00:00;0;0;83.61;0;32.73;12.59;7.29;99.54;0.22;96.16;-12.10972;-77.05194;100713.59;15.55
13/07/2020;18:00:00;0;0;99.24;0.01;31.15;19.78;7.13;93.68;0.01;95.83;-12.10972;-77.05194;100743.01;15.36
13/07/2020;19:00:00;0;0;108.45;0;42.22;19.26;7.18;102.39;0;96.71;-12.10972;-77.05194;100787.54;15.24
13/07/2020;20:00:00;1.7;0;101.21;0;45.89;21.31;7.2;98.56;0;97.9;-12.10972;-77.05194;100804.23;15.1
13/07/2020;21:00:00;0;0;101.67;0;53.87;27.6;7.19;92.83;0;98.08;-12.10972;-77.05194;100832.54;15.16
13/07/2020;22:00:00;0;0;107.29;0;79.64;46.63;7.2;94.63;0;98.38;-12.10972;-77.05194;100846.75;15.17
13/07/2020;23:00:00;0;0;108.81;0;112.2;63.6;7.2;82.58;0;99.17;-12.10972;-77.05194;100853.29;15.03
14/07/2020;00:00:00;0;0;94.09;0;126.73;78;7.2;76.43;0;99.3;-12.10972;-77.05194;100850.38;14.95
14/07/2020;01:00:00;0;0;85.75;0;130.31;79.19;7.17;74.15;0;99.3;-12.10972;-77.05194;100804.07;14.91
14/07/2020;02:00:00;0;0;87.6;0;135.31;72.02;7.16;72.05;0;99.3;-12.10972;-77.05194;100731.96;14.82
14/07/2020;03:00:00;0;0;86.89;0;104.27;56.28;7.18;71.74;0;99.3;-12.10972;-77.05194;100688.93;14.67
14/07/2020;04:00:00;0;0;89.54;0;113.22;62.29;7.2;72.21;0;99.3;-12.10972;-77.05194;100668.6;14.54
14/07/2020;05:00:00;0;0;91.15;0;117.24;63.36;7.22;84.16;0;99.3;-12.10972;-77.05194;100660.11;14.63
14/07/2020;06:00:00;0;0;92.75;0;117.37;62.46;7.23;96.5;0;99.3;-12.10972;-77.05194;100651.33;14.59
14/07/2020;07:00:00;0;0;103.66;0;97.58;60.48;7.29;99.85;0;99.3;-12.10972;-77.05194;100681.24;14.53
14/07/2020;08:00:00;0.41;0;104.42;0;73.63;37.44;7.29;94.29;0.03;99.3;-12.10972;-77.05194;100723.09;14.59
14/07/2020;09:00:00;0;0;94.83;0;45.19;19.54;7.27;97.31;0.19;99.3;-12.10972;-77.05194;100788.12;14.69
14/07/2020;10:00:00;6.48;0;85.01;0;24.96;10.26;7.28;95.46;0.4;99.3;-12.10972;-77.05194;100823.11;14.92
14/07/2020;11:00:00;0;0;75.62;0;27.48;9.33;7.33;96.41;0.64;99.2;-12.10972;-77.05194;100813.2;15.45
14/07/2020;12:00:00;0;0;66.14;0;12.42;4.66;7.55;101.5;0.84;96.3;-12.10972;-77.05194;100770.86;16.15
14/07/2020;13:00:00;0;0;68.26;0;24.51;10.03;7.57;98.4;1.02;94.15;-12.10972;-77.05194;100679.92;16.5
14/07/2020;14:00:00;0;0;67.5;0;28.02;12.05;7.71;103.16;1.01;91.62;-12.10972;-77.05194;100577.22;17.08
14/07/2020;15:00:00;0;0;84.22;0;27.61;9.29;7.44;106.86;0.64;94.13;-12.10972;-77.05194;100523.03;16.41
14/07/2020;16:00:00;0;0;89.87;0;37.23;12.99;7.43;101.59;0.43;93.59;-12.10972;-77.05194;100495.52;16.49
14/07/2020;17:00:00;0;0;89.81;0;32.47;10.17;7.28;101.23;0.19;95.86;-12.10972;-77.05194;100499.8;15.96
14/07/2020;18:00:00;0;0;97.53;0;40.39;13.08;7.24;105.98;0;98.06;-12.10972;-77.05194;100564.68;15.54
14/07/2020;19:00:00;0;0;103.07;0;59.44;20;7.27;103.57;0;99.3;-12.10972;-77.05194;100621.66;15.35
14/07/2020;20:00:00;0;0;99.21;0;64.76;20.88;7.29;101.14;0;99.3;-12.10972;-77.05194;100710.74;15.41
14/07/2020;21:00:00;0;0;91.98;0;55.99;14.39;7.25;98.75;0;99.3;-12.10972;-77.05194;100768.62;15.16
14/07/2020;22:00:00;0;0;91.36;0;67.29;17.42;7.25;93.95;0;99.3;-12.10972;-77.05194;100798.06;15.06
14/07/2020;23:00:00;0;0;84.03;0;55.38;12.53;7.23;82.99;0;99.3;-12.10972;-77.05194;100793.99;15.02
15/07/2020;00:00:00;0;0;82.47;0;56.05;12.51;7.21;85.91;0;99.3;-12.10972;-77.05194;100754.15;14.88
15/07/2020;01:00:00;0;0;80.94;0;52.18;12.97;7.22;95.08;0;99.3;-12.10972;-77.05194;100714.74;14.78
15/07/2020;02:00:00;0;0;80.57;0;49.15;11.58;7.22;88.25;0;99.3;-12.10972;-77.05194;100672.89;14.69
15/07/2020;03:00:00;0;0;79.98;0;50.21;10.93;7.22;84.58;0;99.3;-12.10972;-77.05194;100616.17;14.53
15/07/2020;04:00:00;0;0;78.75;0;47.86;11.41;7.24;80.15;0;99.3;-12.10972;-77.05194;100583.82;14.45
15/07/2020;05:00:00;0;0;79.48;0;45.3;11.78;7.25;80.45;0;99.3;-12.10972;-77.05194;100601.06;14.48
15/07/2020;06:00:00;0;0;86.76;0;37.25;9.26;7.25;96.87;0;99.3;-12.10972;-77.05194;100638.23;14.47
15/07/2020;07:00:00;0;0;96.12;0;51.16;10.43;7.29;97.41;0;99.3;-12.10972;-77.05194;100675.48;14.44
15/07/2020;08:00:00;0;0;96.8;0;49.9;10.04;7.31;94.81;0.03;99.3;-12.10972;-77.05194;100722.39;14.54
15/07/2020;09:00:00;0;0;89.09;0;32.16;7.41;7.35;94.43;0.25;99.3;-12.10972;-77.05194;100735.98;14.83
15/07/2020;10:00:00;0;0;78.59;0;14.97;4.77;7.34;99.65;0.38;99.3;-12.10972;-77.05194;100739.03;15.02
15/07/2020;11:00:00;0;0;71.42;0;9.7;2.7;7.36;94.71;0.56;98.9;-12.10972;-77.05194;100754.39;15.25
15/07/2020;12:00:00;0;0;63.01;0;18.31;3.83;7.44;93.6;0.82;96.39;-12.10972;-77.05194;100689.22;15.76
15/07/2020;13:00:00;0;0;64.64;0;8.7;2.85;7.56;96.53;0.82;95.79;-12.10972;-77.05194;100601.05;15.99
15/07/2020;14:00:00;0;0;70.78;0;11.01;4.04;7.49;96.28;0.68;97.33;-12.10972;-77.05194;100557.87;15.7
15/07/2020;15:00:00;0;0;72.7;0;10.12;3.57;7.46;97.99;0.58;97.18;-12.10972;-77.05194;100493.71;15.68
15/07/2020;16:00:00;5.82;0;85.29;0;17.29;5.47;7.35;96.92;0.26;97.55;-12.10972;-77.05194;100481.55;15.62
15/07/2020;17:00:00;0;0;93.08;0;34.72;8.59;7.28;100.68;0.08;98.89;-12.10972;-77.05194;100483.65;15.28
15/07/2020;18:00:00;0;0;100.3;0;61.23;16.15;7.3;103.06;0;99.3;-12.10972;-77.05194;100486.45;15.15
15/07/2020;19:00:00;0;0;105.89;0;74.87;22.9;7.31;94.68;0;99.3;-12.10972;-77.05194;100501.19;15.05
15/07/2020;20:00:00;0.97;0;100.55;0;65.25;16.98;7.32;97.73;0;99.3;-12.10972;-77.05194;100517.11;15.02
15/07/2020;21:00:00;0;0;96.07;0;62.35;14.71;7.3;101.34;0;99.3;-12.10972;-77.05194;100574.11;14.92
15/07/2020;22:00:00;0;0;94.45;0;55.34;11.26;7.28;93.53;0;99.3;-12.10972;-77.05194;100617.97;14.89
15/07/2020;23:00:00;0;0;85.48;0;55.59;10.17;7.24;90.95;0;99.3;-12.10972;-77.05194;100631.35;14.68
16/07/2020;00:00:00;0;0;81.06;0;61.79;11.17;7.23;91.24;0;99.3;-12.10972;-77.05194;100623.02;14.54
16/07/2020;01:00:00;0;0;78.12;0;47.47;9.71;7.21;94.31;0;99.3;-12.10972;-77.05194;100604.75;14.44
16/07/2020;02:00:00;0;0;77.65;0;46.21;9.39;7.23;77.52;0;99.3;-12.10972;-77.05194;100554.77;14.39
16/07/2020;03:00:00;0;0;77.57;0;50.45;11.42;7.24;84.68;0;99.3;-12.10972;-77.05194;100527.53;14.43
16/07/2020;04:00:00;0;0;77.72;0;42.39;9.14;7.24;75.08;0;99.3;-12.10972;-77.05194;100539.22;14.48
16/07/2020;05:00:00;0;0;78.82;0;77.42;13.4;7.22;80.43;0;99.3;-12.10972;-77.05194;100538.07;14.4
16/07/2020;06:00:00;0;0;79.18;0;59.47;11.72;7.23;86.86;0;99.3;-12.10972;-77.05194;100534.76;14.32
16/07/2020;07:00:00;0;0;91.16;0;60.23;13.05;7.27;93.73;0;99.3;-12.10972;-77.05194;100586.68;14.38
16/07/2020;08:00:00;0;0;88.34;0;43.03;11.19;7.33;97.27;0.07;99.25;-12.10972;-77.05194;100642.22;14.61
16/07/2020;09:00:00;6.85;0;84.14;0;20.15;7.72;7.37;94.93;0.3;97.8;-12.10972;-77.05194;100703.85;15.07
16/07/2020;10:00:00;0;0;74.63;0;22.33;7.79;7.31;100.27;0.44;97.93;-12.10972;-77.05194;100726.73;15.1
16/07/2020;11:00:00;0;0;69.56;0;28.58;8.19;7.31;98.36;0.48;97.95;-12.10972;-77.05194;100717.44;15.22
16/07/2020;12:00:00;0;0;61.37;0;32.65;8.61;7.42;94.97;0.7;93.46;-12.10972;-77.05194;100648.51;15.77
16/07/2020;13:00:00;0;0;63.11;0;19.58;6.51;7.55;98.81;1.01;91.8;-12.10972;-77.05194;100598.79;15.89
16/07/2020;14:00:00;0;0;52.18;0;17.53;5.78;7.65;99.24;1.14;89.17;-12.10972;-77.05194;100522.36;16.15
16/07/2020;15:00:00;0;0;72.12;0;32.55;8.61;7.54;97.1;0.67;90.57;-12.10972;-77.05194;100469.06;16.16
16/07/2020;16:00:00;0;0;88.34;0;27.4;8.51;7.27;93.38;0.28;95.12;-12.10972;-77.05194;100493.31;15.3
16/07/2020;17:00:00;0;0;90.84;0;28.59;8.87;7.24;101.9;0.16;96.99;-12.10972;-77.05194;100556.82;15.04
16/07/2020;18:00:00;4.92;0;99.62;0;32.16;9.31;7.28;95.32;0;98.38;-12.10972;-77.05194;100615.99;14.94
16/07/2020;19:00:00;0;0;102.31;0;39.45;10.65;7.29;93.12;0;99.04;-12.10972;-77.05194;100674.62;14.88
16/07/2020;20:00:00;0;0;93.45;0;36.91;10.27;7.27;96.47;0;98.85;-12.10972;-77.05194;100700.58;14.79
16/07/2020;21:00:00;0;0;88.14;0;36.94;10.08;7.25;96.52;0;98.01;-12.10972;-77.05194;100737.5;14.86
16/07/2020;22:00:00;0;0;82.88;0;31.76;10.12;7.24;95.21;0;96.64;-12.10972;-77.05194;100756.54;14.92
16/07/2020;23:00:00;0;0;77.41;0;31.47;9.79;7.23;75.56;0;94.31;-12.10972;-77.05194;100721.49;14.96
17/07/2020;00:00:00;0;0;79.63;0;26.18;10.23;7.23;77.22;0;94.17;-12.10972;-77.05194;100700.7;14.9
17/07/2020;01:00:00;0;0;81.95;0;24;10.25;7.25;65.61;0;92.71;-12.10972;-77.05194;100693.86;14.93
17/07/2020;02:00:00;0;0;81.75;0;23.97;11.15;7.26;65.12;0;92.22;-12.10972;-77.05194;100680.51;14.96
17/07/2020;03:00:00;0;0;82.33;0;21.96;10.35;7.26;76.04;0;91.92;-12.10972;-77.05194;100634.16;14.94
17/07/2020;04:00:00;0;0;82.27;0;21.58;9.07;7.26;65.11;0;91.69;-12.10972;-77.05194;100633.33;14.94
17/07/2020;05:00:00;0;0;84.52;0;27.4;9.96;7.26;76.12;0;91.17;-12.10972;-77.05194;100647.58;14.93
17/07/2020;06:00:00;0;0;87.5;0;27.47;9.84;7.25;94.69;0;90.71;-12.10972;-77.05194;100687.78;14.9
17/07/2020;07:00:00;0;0;100.77;0;28.32;11.14;7.3;92.14;0;91.18;-12.10972;-77.05194;100764.33;14.85
17/07/2020;08:00:00;0;0;100.98;0;22.6;10.73;7.33;95.5;0.06;91.4;-12.10972;-77.05194;100811.28;14.92
17/07/2020;09:00:00;0;0;93.34;0;27.65;9.77;7.35;96.5;0.28;90.07;-12.10972;-77.05194;100851.97;15.27
17/07/2020;10:00:00;0.26;0;83.51;0;27.5;9.59;7.44;98.68;0.53;86.51;-12.10972;-77.05194;100867.4;16.04
17/07/2020;11:00:00;0;0;61.31;0;20.68;7.82;7.65;105.8;0.94;80.38;-12.10972;-77.05194;100827.05;16.88
17/07/2020;12:00:00;0;0;30.5;0;12.31;6.05;8.04;96.6;1.81;76.31;-12.10972;-77.05194;100775.4;17.49
17/07/2020;13:00:00;0;0;10.06;6.16;11;4.39;8.21;95.93;3.05;75.34;-12.10972;-77.05194;100714.66;17.87
17/07/2020;14:00:00;0;0;3.86;7.65;8.99;3.93;8.16;96.03;3.05;73.21;-12.10972;-77.05194;100641.89;18.29
17/07/2020;15:00:00;0;0;24.32;6.13;8.32;3.77;8.04;101.69;1.57;73.67;-12.10972;-77.05194;100554.88;18.16
17/07/2020;16:00:00;0;0;59.18;0.17;8.98;3.84;7.91;101.04;0.76;75.61;-12.10972;-77.05194;100545.62;17.89
17/07/2020;17:00:00;1095.16;0;96.53;0;12;4.58;7.78;96.93;0.31;77.16;-12.10972;-77.05194;100609.5;17.93
17/07/2020;18:00:00;138.98;0;133.93;0;16.35;5.76;7.34;96.79;0.05;86.04;-12.10972;-77.05194;100692.28;16.41
17/07/2020;19:00:00;0;0;134.69;0;22.7;6.98;7.23;95.2;0;89.61;-12.10972;-77.05194;100755.37;15.84
17/07/2020;20:00:00;0;0;126.95;0;27.76;8.72;7.23;94.27;0;90.01;-12.10972;-77.05194;100778.03;15.82
17/07/2020;21:00:00;3.92;0;119.89;0;50.42;12.59;7.24;92.03;0;88.9;-12.10972;-77.05194;100772.3;15.87
17/07/2020;22:00:00;0;0;117;0;67.39;18.79;7.2;99.48;0;90.95;-12.10972;-77.05194;100771.78;15.65
17/07/2020;23:00:00;0;0;100.41;0;79.64;28.51;7.16;82.48;0;91.26;-12.10972;-77.05194;100760.46;15.54
18/07/2020;00:00:00;0;0;90.74;0;74.39;27.19;7.17;86.25;0;90.9;-12.10972;-77.05194;100752.33;15.7
18/07/2020;01:00:00;0;0;83.17;0;68.23;21.31;7.19;69.76;0;91.89;-12.10972;-77.05194;100735.58;15.76
18/07/2020;02:00:00;0;0;79.66;0;53;18.36;7.18;79.1;0;91.98;-12.10972;-77.05194;100677.49;15.66
18/07/2020;03:00:00;0;0;80.84;0;55.72;24.42;7.2;78.29;0;90.61;-12.10972;-77.05194;100632.86;15.61
18/07/2020;04:00:00;0;0;79.24;0;45.14;17.93;7.19;76.89;0;89.64;-12.10972;-77.05194;100634.12;15.56
18/07/2020;05:00:00;0;0;79;0;39.67;13.44;7.2;75.21;0;89.91;-12.10972;-77.05194;100631.07;15.55
18/07/2020;06:00:00;0;0;84.83;0;30.28;11.1;7.21;87.45;0;89.3;-12.10972;-77.05194;100633.21;15.61
18/07/2020;07:00:00;0;0;99.83;0;38.57;11.74;7.24;100.94;0;93.65;-12.10972;-77.05194;100680.08;15.54
18/07/2020;08:00:00;0;0;92.23;0;40.33;12.89;7.28;105.12;0.1;93.37;-12.10972;-77.05194;100726.56;15.72
18/07/2020;09:00:00;0;0;82.38;0;20.76;6.48;7.29;97.22;0.38;93.3;-12.10972;-77.05194;100775.15;16.04
18/07/2020;10:00:00;0;0;68.89;0;15.61;5.12;7.51;100.38;0.86;92.13;-12.10972;-77.05194;100804.69;16.56
18/07/2020;11:00:00;0;0;44.82;0;12.67;3.79;7.9;101.09;1.54;88.23;-12.10972;-77.05194;100771.01;17.21
18/07/2020;12:00:00;0;0;24.87;0.13;10.76;3.41;8.17;101.37;2.69;86.27;-12.10972;-77.05194;100716.67;17.42
18/07/2020;13:00:00;0;0;31.34;3;9.52;3.42;8.24;99.07;2.4;75.54;-12.10972;-77.05194;100662.76;19.01
18/07/2020;14:00:00;0;0;0.83;5.75;6.94;2.78;8.42;103.32;3.05;66.96;-12.10972;-77.05194;100599.25;19.98
18/07/2020;15:00:00;0;0;28.76;1.65;10.1;3.38;8.18;101.24;1.59;75.12;-12.10972;-77.05194;100550.51;18.93
18/07/2020;16:00:00;35.28;0;57.62;0;14.12;4.25;8.02;95.84;0.79;80.62;-12.10972;-77.05194;100532.45;18.26
18/07/2020;17:00:00;27.66;0;89.67;0;13.29;3.69;7.8;97.24;0.32;80.94;-12.10972;-77.05194;100514.6;17.49
18/07/2020;18:00:00;0;0;131.58;0;19.97;5.57;7.35;95.76;0.03;84.62;-12.10972;-77.05194;100551.06;16.65
18/07/2020;19:00:00;0;0;143.32;0;39.19;8.02;7.24;103.06;0;86.47;-12.10972;-77.05194;100606.47;16.12
18/07/2020;20:00:00;1.69;0;137.1;0;32.89;7.84;7.25;96.09;0;86.97;-12.10972;-77.05194;100638.71;15.85
18/07/2020;21:00:00;0;0;126.98;0;41.84;9.08;7.27;95.17;0;92.18;-12.10972;-77.05194;100692.38;15.54
18/07/2020;22:00:00;0;0;111.05;0;38.68;8.51;7.25;99.17;0;93.45;-12.10972;-77.05194;100712.81;15.34
18/07/2020;23:00:00;0;0;98.6;0;39.95;8.73;7.22;85.65;0;94.38;-12.10972;-77.05194;100720.5;15.15
19/07/2020;00:00:00;0;0;94.78;0;40.37;9.63;7.21;76.53;0;95.04;-12.10972;-77.05194;100717.85;15.1
19/07/2020;01:00:00;0;0;85.26;0;43.2;10.55;7.22;85.97;0;94.65;-12.10972;-77.05194;100711.21;15.2
19/07/2020;02:00:00;0;0;79.15;0;35.31;10.08;7.22;80.43;0;93.01;-12.10972;-77.05194;100698.47;15.36
19/07/2020;03:00:00;0;0;77.36;0;40.15;10.67;7.23;78.87;0;93.11;-12.10972;-77.05194;100668.62;15.51
19/07/2020;04:00:00;0;0;76.05;0;32.2;14.31;7.23;83.06;0;91.2;-12.10972;-77.05194;100615.6;15.39
19/07/2020;05:00:00;0;0;78.39;0;35.31;18.34;7.24;80.48;0;90.02;-12.10972;-77.05194;100592.03;15.43
19/07/2020;06:00:00;0;0;80.86;0;24.25;14.51;7.25;85.9;0;89.22;-12.10972;-77.05194;100593.09;15.47
19/07/2020;07:00:00;0;0;97.16;0;32.78;21.9;7.26;85.83;0;88.92;-12.10972;-77.05194;100609.94;15.5
19/07/2020;08:00:00;0;0;98.81;0;45.17;22.92;7.29;101.62;0.05;89.94;-12.10972;-77.05194;100651.25;15.73
19/07/2020;09:00:00;11.53;0;89.35;0;23.61;11.99;7.34;89.06;0.25;87.67;-12.10972;-77.05194;100699.64;16.28
19/07/2020;10:00:00;0;0;69.35;0;19.7;8.06;7.59;95.02;0.5;81.52;-12.10972;-77.05194;100737.06;17.44
19/07/2020;11:00:00;0;0;70.01;0;20.34;8.39;7.53;91.26;0.49;82.42;-12.10972;-77.05194;100748.05;17.21
19/07/2020;12:00:00;0;0;60.78;0;21.75;8.7;7.77;98.28;0.86;80.81;-12.10972;-77.05194;100719.03;17.8
19/07/2020;13:00:00;0;0;46.08;0.3;24.4;11.64;8.01;93.05;1.96;82.75;-12.10972;-77.05194;100650.27;18.16
19/07/2020;14:00:00;0;0;4.45;13.12;23.6;10.06;8.14;96.56;2.86;82.5;-12.10972;-77.05194;100569.16;18.17
19/07/2020;15:00:00;0;0;25.58;9.15;21.99;9.12;8;93.55;1.6;83.24;-12.10972;-77.05194;100487.72;17.82
19/07/2020;16:00:00;0;0;70.31;2.47;25.82;9.03;7.85;89.79;0.73;83.18;-12.10972;-77.05194;100461.45;17.74
19/07/2020;17:00:00;3.9;0;84.93;0;25.19;8.22;7.81;90.75;0.52;85.65;-12.10972;-77.05194;100459.68;17.17
19/07/2020;18:00:00;16.11;0;120.87;0;27.36;7.8;7.38;96.72;0.03;90.16;-12.10972;-77.05194;100476.44;16.29
19/07/2020;19:00:00;0;0;118.12;0;33.82;9.41;7.23;98.08;0;91.13;-12.10972;-77.05194;100544.68;16.03
19/07/2020;20:00:00;0;0;107.87;0;43.89;10.8;7.26;95.15;0;92.35;-12.10972;-77.05194;100593.25;15.92
19/07/2020;21:00:00;0;0;99.5;0;58.3;14.81;7.25;94.43;0;93.03;-12.10972;-77.05194;100652.33;15.86
19/07/2020;22:00:00;0;0;96.33;0;87.57;25.72;7.24;86.22;0;92.12;-12.10972;-77.05194;100710.15;15.94
19/07/2020;23:00:00;0;0;84.56;0;105.02;25.2;7.21;73.02;0;92.48;-12.10972;-77.05194;100697.93;15.84
20/07/2020;00:00:00;0;0;88.53;0;126.11;39.44;7.23;77.75;0;91.55;-12.10972;-77.05194;100657.13;15.82
20/07/2020;01:00:00;0;0;80.29;0;52.59;18.76;7.21;80.59;0;91.8;-12.10972;-77.05194;100655.63;15.67
20/07/2020;02:00:00;0;0;78.41;0;58.92;18.16;7.2;76.37;0;92.13;-12.10972;-77.05194;100617.2;15.5
20/07/2020;03:00:00;0;0;77.6;0;51.16;13.63;7.2;78.93;0;92.82;-12.10972;-77.05194;100594.01;15.35
20/07/2020;04:00:00;0;0;75.99;0;40.43;10.86;7.19;68.72;0;93.19;-12.10972;-77.05194;100586.51;15.18
20/07/2020;05:00:00;0;0;75.58;0;73.21;15.07;7.19;75.86;0;92.43;-12.10972;-77.05194;100604.18;15.27
20/07/2020;06:00:00;0;0;81.81;0;47.78;11.57;7.19;94.23;0;93.56;-12.10972;-77.05194;100615.88;15.08
20/07/2020;07:00:00;0;0;91.05;0;56.69;14.72;7.25;98.04;0;92.73;-12.10972;-77.05194;100647.95;15.28
20/07/2020;08:00:00;435.99;0;98.5;0;37.19;14.77;7.33;96.67;0.05;90.2;-12.10972;-77.05194;100699.52;15.67
20/07/2020;09:00:00;1990.34;2.52;96.11;0;25.66;8.54;7.49;94.42;0.31;86.25;-12.10972;-77.05194;100762.21;16.42
20/07/2020;10:00:00;479.16;0;74.43;0;45.42;11.33;7.44;95.21;0.53;84.94;-12.10972;-77.05194;100782.1;16.69
20/07/2020;11:00:00;151.34;0;57.08;0;33.67;9.07;7.77;97.14;0.9;78.87;-12.10972;-77.05194;100780.38;17.92
20/07/2020;12:00:00;87.77;0;53.82;0;37.64;10.04;8;98.55;1.54;76.91;-12.10972;-77.05194;100749.65;18.87
20/07/2020;13:00:00;576.03;0;10.94;3.08;38.46;9.99;8.39;96.7;2.92;73.89;-12.10972;-77.05194;100669.03;20.56
20/07/2020;14:00:00;0;0;5.47;8.1;24.99;7.03;8.34;103.03;2.96;73.14;-12.10972;-77.05194;100613.29;20.3
20/07/2020;15:00:00;0;0;21.99;2.99;20.38;6.14;8.25;101.86;1.59;71.4;-12.10972;-77.05194;100561.58;20.24
20/07/2020;16:00:00;0;0;55.91;0;16.02;5.71;8.09;97.6;0.79;77.1;-12.10972;-77.05194;100550.39;18.43
20/07/2020;17:00:00;0;0;104.18;0.01;19.47;6.25;7.71;97.93;0.35;84.13;-12.10972;-77.05194;100550;17.05
20/07/2020;18:00:00;0;0;132.91;0;24.58;7.13;7.35;96.57;0.06;90.32;-12.10972;-77.05194;100585.08;16.21
20/07/2020;19:00:00;0;0;131.14;0;29.75;8.33;7.24;96.44;0;92.67;-12.10972;-77.05194;100632.46;15.91
20/07/2020;20:00:00;1.49;0;116.66;0;37.16;10.71;7.25;97.39;0;93.6;-12.10972;-77.05194;100673.15;15.77
20/07/2020;21:00:00;0;0;108.35;0;47.24;13.7;7.24;95.7;0;91.02;-12.10972;-77.05194;100746.15;16.06
20/07/2020;22:00:00;0;0;99.73;0;59.85;15.64;7.24;87.19;0;91.18;-12.10972;-77.05194;100805.21;16.02
20/07/2020;23:00:00;0;0;93.2;0;61.32;17.75;7.21;84.25;0;91.67;-12.10972;-77.05194;100836;15.72
21/07/2020;00:00:00;0;0;88.28;0;47.07;15.83;7.22;77;0;91.84;-12.10972;-77.05194;100838.57;15.65
21/07/2020;01:00:00;0;0;88.29;0;66.32;18.61;7.22;74.77;0;93.89;-12.10972;-77.05194;100820.69;15.37
21/07/2020;02:00:00;0;0;92.56;0;76.84;22.29;7.23;76.81;0;97.08;-12.10972;-77.05194;100801.94;15.01
21/07/2020;03:00:00;0;0;98.97;0;57.9;22.98;7.28;73.59;0;97.79;-12.10972;-77.05194;100744.18;15.05
21/07/2020;04:00:00;0;0;104.24;0;87.36;32.6;7.29;66.16;0;96.49;-12.10972;-77.05194;100708.73;15.25
21/07/2020;05:00:00;0;0;92.8;0;48.31;20.89;7.26;73.31;0;98.4;-12.10972;-77.05194;100694.91;14.99
21/07/2020;06:00:00;0;0;101.49;0;61.3;27.15;7.27;89.98;0;99.3;-12.10972;-77.05194;100721.04;14.8
21/07/2020;07:00:00;0;0;108.62;0;71.19;31.76;7.31;92.19;0;99.3;-12.10972;-77.05194;100760.53;14.83
21/07/2020;08:00:00;32.86;0;111.59;0;44.77;18.18;7.38;93.88;0.01;99.3;-12.10972;-77.05194;100818.49;15.04
21/07/2020;09:00:00;101.3;0.06;100.68;0;29.32;12.13;7.45;94.61;0.15;97.79;-12.10972;-77.05194;100877.1;15.48
21/07/2020;10:00:00;55.18;0.01;88.81;0;20.14;9.53;7.58;99.97;0.49;90.33;-12.10972;-77.05194;100891.81;16.7
21/07/2020;11:00:00;0;0;65.82;0;20.34;8.55;7.81;99.26;1.06;83.8;-12.10972;-77.05194;100875.22;18.03
21/07/2020;12:00:00;0;0;37.88;0.15;18.89;7.56;8.24;102.32;2.23;79.6;-12.10972;-77.05194;100834.28;19.24
21/07/2020;13:00:00;1619.98;0;5.8;9.25;16.9;6.9;8.46;101.46;3.41;75.31;-12.10972;-77.05194;100770.05;19.97
21/07/2020;14:00:00;401.7;0;7.7;10.64;9.39;3.86;8.24;103.46;2.96;76.86;-12.10972;-77.05194;100705.23;19.19
21/07/2020;15:00:00;0;0;30.6;7.1;11.84;4.7;8.14;104.07;1.55;77.03;-12.10972;-77.05194;100642.1;19.12
21/07/2020;16:00:00;0;0;66.39;0.66;14.05;5.23;8;104.23;0.76;78.44;-12.10972;-77.05194;100632.6;18.72
21/07/2020;17:00:00;277.05;0;109.35;0.05;20.35;7.18;7.68;97.9;0.41;86.21;-12.10972;-77.05194;100666.44;17.07
21/07/2020;18:00:00;604.45;0;130.57;0;25.2;8.23;7.24;100.88;0.01;92;-12.10972;-77.05194;100710.02;16.04
21/07/2020;19:00:00;0;0;128.76;0;26.59;8.72;7.19;101.61;0;93.72;-12.10972;-77.05194;100768.34;15.99
21/07/2020;20:00:00;5.06;0;116.76;0;43.24;14.4;7.18;97.99;0;94.32;-12.10972;-77.05194;100811.73;16.02
21/07/2020;21:00:00;0;0;108.13;0;60.2;20.31;7.17;99.95;0;95.42;-12.10972;-77.05194;100875.36;15.93
21/07/2020;22:00:00;0;0;99.54;0;78.45;25.21;7.2;99.26;0;94.47;-12.10972;-77.05194;100913.11;16.01
21/07/2020;23:00:00;0;0;87.5;0;63.58;17.67;7.19;90.23;0;94.02;-12.10972;-77.05194;100920.45;15.96
22/07/2020;00:00:00;0;0;84.83;0;48.55;22.26;7.2;81.58;0;94.06;-12.10972;-77.05194;100890.83;15.91
22/07/2020;01:00:00;0;0;79.72;0;32.55;14.96;7.19;71.34;0;94.31;-12.10972;-77.05194;100870.5;15.7
22/07/2020;02:00:00;0;0;78.46;0;30.67;11.65;7.19;72.6;0;95.81;-12.10972;-77.05194;100820.38;15.46
22/07/2020;03:00:00;0;0;76.7;0;36.82;17.27;7.19;73.08;0;95.22;-12.10972;-77.05194;100777.13;15.42
22/07/2020;04:00:00;0;0;78.9;0;47.63;23.72;7.22;76.57;0;94.24;-12.10972;-77.05194;100724.96;15.55
22/07/2020;05:00:00;0;0;84.69;0;53.52;20.68;7.19;77.18;0;95.08;-12.10972;-77.05194;100721.82;15.33
22/07/2020;06:00:00;0;0;94.74;0;64.85;33.24;7.25;84.27;0;96;-12.10972;-77.05194;100786.41;15.46
22/07/2020;07:00:00;27.83;0;111.88;0;70.56;39.46;7.4;94.52;0;94.96;-12.10972;-77.05194;100841.26;15.63
22/07/2020;08:00:00;2.44;0;101.49;0;70.42;39.78;7.37;98.88;0.24;93.55;-12.10972;-77.05194;100883.69;16.11
22/07/2020;09:00:00;0;0;91.14;0;55.92;30.52;7.44;99.76;0.41;92.53;-12.10972;-77.05194;100961.78;16.25
22/07/2020;10:00:00;0;0;83.6;0;48.71;27.31;7.48;102.3;0.63;93.18;-12.10972;-77.05194;101003.79;16.2
22/07/2020;11:00:00;0;0;77.09;0;51.56;30.43;7.55;97.2;0.9;93.14;-12.10972;-77.05194;100987.59;16.15
22/07/2020;12:00:00;0;0;67.87;0;48.78;26.33;7.74;98.42;1.13;91.87;-12.10972;-77.05194;100939.55;16.63
22/07/2020;13:00:00;0;0;57.81;0;43.26;26.71;7.95;96.15;1.41;88.66;-12.10972;-77.05194;100887.93;17.26
22/07/2020;14:00:00;0;0;66.77;0;46.93;20.63;7.79;99.31;0.98;89.89;-12.10972;-77.05194;100826.29;16.95
22/07/2020;15:00:00;0;0;70.08;0;19.05;8.04;7.87;97.95;1.1;88.25;-12.10972;-77.05194;100736.13;17.23
22/07/2020;16:00:00;0;0;76.06;0;27.06;8.83;7.67;98.54;0.69;90.54;-12.10972;-77.05194;100715.25;16.53
22/07/2020;17:00:00;0;0;79.27;0;27.63;9.01;7.5;95.58;0.4;91.31;-12.10972;-77.05194;100708.76;16.24
22/07/2020;18:00:00;0;0;96.42;0;34.67;11.1;7.28;100.68;0.07;93.44;-12.10972;-77.05194;100753.7;15.74
22/07/2020;19:00:00;0;0;109.55;0;38.82;13.15;7.23;100.59;0;95.74;-12.10972;-77.05194;100814.5;15.47
22/07/2020;20:00:00;0;0;104.64;0;49.78;15.56;7.25;96.19;0;97.04;-12.10972;-77.05194;100845.74;15.45
22/07/2020;21:00:00;0;0;106.19;0;57.89;18.65;7.26;93.62;0;97.22;-12.10972;-77.05194;100869;15.46
22/07/2020;22:00:00;0;0;108.06;0;67.94;21.57;7.27;95.73;0;97.91;-12.10972;-77.05194;100886.62;15.24
22/07/2020;23:00:00;0;0;107.82;0;57.86;20.63;7.27;89.4;0;98.23;-12.10972;-77.05194;100893.37;15.13
23/07/2020;00:00:00;0;0;114.81;0;60.72;22.27;7.3;75.52;0;99.09;-12.10972;-77.05194;100875.85;14.9
23/07/2020;01:00:00;0;0;94.69;0;136.35;39.1;7.23;74.48;0;99.25;-12.10972;-77.05194;100852.77;14.85
23/07/2020;02:00:00;0;0;109.8;0;42.85;19.44;7.24;79.28;0;99.15;-12.10972;-77.05194;100824.56;14.91
23/07/2020;03:00:00;0;0;111.46;0;63.03;35;7.27;75.86;0;99.06;-12.10972;-77.05194;100804.21;14.92
23/07/2020;04:00:00;0;0;116.77;0;93.04;52.34;7.3;73.39;0;99.23;-12.10972;-77.05194;100789.6;14.86
23/07/2020;05:00:00;0;0;116.21;0;90.97;54.85;7.29;75.84;0;99.3;-12.10972;-77.05194;100802.98;14.63
23/07/2020;06:00:00;0;0;118.93;0;109.8;69.04;7.33;94.52;0;99.3;-12.10972;-77.05194;100817.67;14.58
23/07/2020;07:00:00;38.78;0;125.38;0;96.86;65.19;7.43;98.02;0;99.3;-12.10972;-77.05194;100862.18;14.63
23/07/2020;08:00:00;147.94;0;116.62;0;87.95;52.19;7.48;95.31;0.02;99.3;-12.10972;-77.05194;100981.48;14.95
23/07/2020;09:00:00;378.22;2.08;115.41;0;39.54;24.1;7.6;94.91;0.26;99.08;-12.10972;-77.05194;101039.89;15.36
23/07/2020;10:00:00;134.02;0.02;95.19;0;23.54;12.58;7.59;98.36;0.35;94.85;-12.10972;-77.05194;101037.37;16.19
23/07/2020;11:00:00;0;0;77.63;0;26.72;11.98;7.49;94.51;0.56;93.73;-12.10972;-77.05194;101008.88;16.43
23/07/2020;12:00:00;0.49;0;69.35;0;19.07;8.7;7.79;100.54;1.19;89.96;-12.10972;-77.05194;100938.16;17.53
23/07/2020;13:00:00;0;0;8.48;3;14.28;5.4;8.48;102.78;3.53;75.57;-12.10972;-77.05194;100859.16;20.71
23/07/2020;14:00:00;0;0;1.79;14;19.07;7.83;8.5;101.24;2.87;73.07;-12.10972;-77.05194;100800.05;21.02
23/07/2020;15:00:00;0;0;63.77;1.31;28.96;10.32;8.23;99.91;1.4;79.54;-12.10972;-77.05194;100730.67;18.97
23/07/2020;16:00:00;0;0;104.53;0;30.65;10.92;7.82;97.17;0.82;85.12;-12.10972;-77.05194;100701.89;17.47
23/07/2020;17:00:00;1.91;0;116.34;0;37.62;13.55;7.55;96.56;0.34;89.12;-12.10972;-77.05194;100723.61;16.86
23/07/2020;18:00:00;0;0;118.03;0;29.49;12.52;7.35;100.78;0.05;91.99;-12.10972;-77.05194;100789.56;16.13
23/07/2020;19:00:00;0;0;121.19;0;47.55;16.32;7.18;99.28;0;95.63;-12.10972;-77.05194;100849.15;15.54
23/07/2020;20:00:00;0;0;121.39;0;70.34;20.77;7.2;102.34;0;96.65;-12.10972;-77.05194;100884.52;15.75
23/07/2020;21:00:00;0;0;129.51;0;114.47;28.89;7.27;92.47;0;96.58;-12.10972;-77.05194;100889.36;15.66
23/07/2020;22:00:00;0;0;110.2;0;83.19;25.5;7.18;93.76;0;98;-12.10972;-77.05194;100919.29;15.43
23/07/2020;23:00:00;0;0;109.14;0;106.42;28.35;7.23;79.43;0;98.9;-12.10972;-77.05194;100922.42;15.23
24/07/2020;00:00:00;0;0;101.49;0;99.76;28.83;7.26;74.65;0;98.97;-12.10972;-77.05194;100892.58;15.24
24/07/2020;01:00:00;0;0;88.16;0;67.61;24.92;7.19;68.07;0;99.3;-12.10972;-77.05194;100889.6;15
24/07/2020;02:00:00;0;0;88.54;0;69.99;25.58;7.22;77.62;0;99.3;-12.10972;-77.05194;100835.9;14.83
24/07/2020;03:00:00;0;0;89.97;0;76.31;23.21;7.24;64.8;0;99.3;-12.10972;-77.05194;100806.16;14.66
24/07/2020;04:00:00;0;0;84.48;0;83.14;22.5;7.22;72.86;0;99.3;-12.10972;-77.05194;100785.53;14.69
24/07/2020;05:00:00;0;0;86.75;0;81.28;25.35;7.23;82.48;0;99.3;-12.10972;-77.05194;100789.03;14.82
24/07/2020;06:00:00;0;0;88.34;0;59.49;20.7;7.21;89.69;0;99.3;-12.10972;-77.05194;100808.03;14.95
24/07/2020;07:00:00;0;0;99.35;0;48.92;18.99;7.24;98.28;0;99.3;-12.10972;-77.05194;100833;14.93
24/07/2020;08:00:00;26.74;0;105.1;0;34.25;16.39;7.34;95.11;0.04;99.3;-12.10972;-77.05194;100913.39;15.09
24/07/2020;09:00:00;60.9;0;90.46;0;38.87;15.18;7.37;96.25;0.33;99.14;-12.10972;-77.05194;100966.84;15.67
24/07/2020;10:00:00;3.71;0;73.05;0;50.04;15.74;7.38;97.59;0.46;96.98;-12.10972;-77.05194;100995.77;15.92
24/07/2020;11:00:00;0;0;72.35;0;36.04;11.44;7.36;96.77;0.56;96.98;-12.10972;-77.05194;100995.47;15.85
24/07/2020;12:00:00;0;0;71.19;0;35.56;11.1;7.5;95.6;0.8;96.63;-12.10972;-77.05194;100955.67;16.19
24/07/2020;13:00:00;7.05;0;67.53;0;36.76;12.03;7.69;97.62;0.83;94.81;-12.10972;-77.05194;100903.85;16.73
24/07/2020;14:00:00;2.04;0;50.51;0;22.98;8.69;8.01;98.41;1.49;90.92;-12.10972;-77.05194;100813.4;17.51
24/07/2020;15:00:00;40.39;0;57.21;0;33.54;10.23;7.94;104.35;1.13;88.92;-12.10972;-77.05194;100706.05;17.56
24/07/2020;16:00:00;2.62;0;84.51;0;75.96;19.68;7.59;103.95;0.57;90.5;-12.10972;-77.05194;100621.8;17.08
24/07/2020;17:00:00;0;0;96.7;0;97.17;24.03;7.32;106.12;0.27;92.61;-12.10972;-77.05194;100597.25;16.41
24/07/2020;18:00:00;0;0;106.02;0;125.43;29.59;7.21;106.78;0.03;94.32;-12.10972;-77.05194;100618.62;15.91
24/07/2020;19:00:00;0;0;110.97;0;139.49;31.22;7.26;103.85;0;94.78;-12.10972;-77.05194;100627.55;15.77
24/07/2020;20:00:00;0;0;106.56;0;154.39;34.43;7.23;101.89;0;95.31;-12.10972;-77.05194;100653.68;15.69
24/07/2020;21:00:00;2.76;0;100.17;0;135.52;31.73;7.24;99.7;0;95.72;-12.10972;-77.05194;100708.81;15.52
24/07/2020;22:00:00;0;0;92.6;0;97.07;25.74;7.23;86.02;0;95.39;-12.10972;-77.05194;100717.75;15.47
24/07/2020;23:00:00;0;0;86.58;0;79.03;24.43;7.2;78.93;0;96.09;-12.10972;-77.05194;100714.01;15.26
25/07/2020;00:00:00;0;0;82.1;0;91.35;26.74;7.19;98.85;0;96.44;-12.10972;-77.05194;100727.19;15.24
25/07/2020;01:00:00;0;0;80.23;0;88.27;25.67;7.18;73.03;0;97.14;-12.10972;-77.05194;100754.22;15.08
25/07/2020;02:00:00;0;0;87.48;0;94.2;27.52;7.18;72.56;0;97.72;-12.10972;-77.05194;100706.99;14.97
25/07/2020;03:00:00;0;0;81.59;0;90.06;26.46;7.18;93.71;0;97.68;-12.10972;-77.05194;100682.9;14.95
25/07/2020;04:00:00;0;0;78.31;0;108.17;30.06;7.16;73.95;0;97.74;-12.10972;-77.05194;100659.95;14.87
25/07/2020;05:00:00;0;0;80.61;0;116.13;32.66;7.18;70.85;0;98.13;-12.10972;-77.05194;100663.42;14.9
25/07/2020;06:00:00;0;0;83.86;0;99.32;28.04;7.17;91.71;0;98.68;-12.10972;-77.05194;100698.87;14.76
25/07/2020;07:00:00;0;0;95.32;0;88.12;26.89;7.2;94.02;0;99.26;-12.10972;-77.05194;100750.87;14.62
25/07/2020;08:00:00;3.69;0;102.74;0;79;23.86;7.25;98.85;0;99.3;-12.10972;-77.05194;100820.64;14.68
25/07/2020;09:00:00;0;0;97.57;0;60.07;17.1;7.23;95.72;0.12;99.3;-12.10972;-77.05194;100888.06;14.58
25/07/2020;10:00:00;1.59;0;97.88;0;41.46;12.01;7.28;99.19;0.3;99.29;-12.10972;-77.05194;100910.77;15.01
25/07/2020;11:00:00;108.76;0;80.53;0;52.21;16.04;7.32;96.78;0.68;97.95;-12.10972;-77.05194;100902.41;15.56
25/07/2020;12:00:00;15.4;0;63.3;0;44.77;14.26;7.64;97.65;0.86;91.58;-12.10972;-77.05194;100840.58;16.67
25/07/2020;13:00:00;26.84;0;46.73;0;37.15;11.84;8.1;103.37;1.62;80.38;-12.10972;-77.05194;100756.49;18.64
25/07/2020;14:00:00;10.36;0;33.98;0.18;44.01;13.35;8.23;103.78;1.52;77.45;-12.10972;-77.05194;100698.22;19.07
25/07/2020;15:00:00;0;0;69.37;0;45.59;13.15;7.91;99.34;0.95;79.82;-12.10972;-77.05194;100671.38;18.34
25/07/2020;16:00:00;0;0;85.52;0;58.06;17.17;7.67;98.06;0.71;82.98;-12.10972;-77.05194;100642.07;17.47
25/07/2020;17:00:00;0;0;100.1;0;63.78;18.04;7.48;101.23;0.32;87.56;-12.10972;-77.05194;100652.33;16.74
25/07/2020;18:00:00;16.93;0;112.02;0;61.54;16.28;7.24;94.42;0.03;91.42;-12.10972;-77.05194;100706.68;15.93
25/07/2020;19:00:00;0;0;110.12;0;54.5;14.13;7.2;95.77;0;94.37;-12.10972;-77.05194;100757.57;15.26
25/07/2020;20:00:00;0;0;108.06;0;50.55;13.78;7.22;99.21;0;93.97;-12.10972;-77.05194;100820.61;15.26
25/07/2020;21:00:00;20.26;0;102.88;0;47.88;13.79;7.23;99.81;0;93.15;-12.10972;-77.05194;100895.25;15.34
25/07/2020;22:00:00;1.12;0;100.12;0;38.29;13.55;7.24;94.85;0;93.39;-12.10972;-77.05194;100932.3;15.25
25/07/2020;23:00:00;0;0;90.64;0;37.71;14.63;7.2;76.85;0;93.7;-12.10972;-77.05194;100935.9;15.1
26/07/2020;00:00:00;0;0;94.55;0;42.95;16.69;7.22;73.65;0;94.35;-12.10972;-77.05194;100910.29;15.08
26/07/2020;01:00:00;0;0;85.59;0;53.33;17.41;7.2;71.75;0;95.17;-12.10972;-77.05194;100858.7;15.16
26/07/2020;02:00:00;0;0;89.94;0;50.05;18.8;7.2;76.95;0;97.33;-12.10972;-77.05194;100800.87;14.77
26/07/2020;03:00:00;0;0;89.17;0;45.04;20.19;7.23;65.36;0;97.97;-12.10972;-77.05194;100771.9;14.71
26/07/2020;04:00:00;0;0;92.81;0;45.09;22.48;7.27;74.23;0;97.88;-12.10972;-77.05194;100747.36;14.7
26/07/2020;05:00:00;0;0;96.98;0;52.75;26.22;7.27;65.44;0;98.48;-12.10972;-77.05194;100754.13;14.57
26/07/2020;06:00:00;0;0;97.44;0;61.99;28.39;7.28;87.84;0;98.97;-12.10972;-77.05194;100760.34;14.67
26/07/2020;07:00:00;0;0;96.17;0;65.46;24.71;7.21;87.05;0;99.3;-12.10972;-77.05194;100799.58;14.39
26/07/2020;08:00:00;0;0;96.52;0;65.33;24.09;7.23;83.01;0;99.3;-12.10972;-77.05194;100870.34;14.43
26/07/2020;09:00:00;0;0;93.22;0;63.22;24.6;7.24;94.53;0.12;99.3;-12.10972;-77.05194;100939.69;14.51
26/07/2020;10:00:00;0;0;86.95;0;60.23;21.96;7.23;91.33;0.23;99.3;-12.10972;-77.05194;100982.31;14.52
26/07/2020;11:00:00;0;0;83.36;0;59.24;18.77;7.22;90.7;0.33;99.3;-12.10972;-77.05194;100990.04;14.58
26/07/2020;12:00:00;0;0;83.02;0;52.35;16.76;7.23;99.13;0.44;99.3;-12.10972;-77.05194;100957.31;14.65
26/07/2020;13:00:00;0;0;82.84;0;44.49;15.47;7.21;91.46;0.48;99.3;-12.10972;-77.05194;100917.16;14.59
26/07/2020;14:00:00;0;0;82.68;0;48.55;16.06;7.21;87.42;0.49;99.3;-12.10972;-77.05194;100884.26;14.61
26/07/2020;15:00:00;0;0;70.03;0;37.51;17.53;7.27;95.36;0.71;99.3;-12.10972;-77.05194;100806.26;14.8
26/07/2020;16:00:00;0;0;75.2;0;39.63;14.78;7.23;92.75;0.31;98.82;-12.10972;-77.05194;100763.37;14.86
26/07/2020;17:00:00;0;0;88.58;0;47.71;11.91;7.23;98.22;0.07;98.93;-12.10972;-77.05194;100757.08;14.55
26/07/2020;18:00:00;0;0;96.47;0;65.66;14.57;7.21;92.74;0;99.28;-12.10972;-77.05194;100797.83;14.37
26/07/2020;19:00:00;0;0;102.11;0;72.65;16.11;7.21;88.89;0;99.3;-12.10972;-77.05194;100862.99;14.29
26/07/2020;20:00:00;0;0;103.56;0;80.33;15.47;7.24;86.05;0;99.3;-12.10972;-77.05194;100912.39;14.47
26/07/2020;21:00:00;0;0;89.78;0;48.24;11.45;7.21;88.41;0;99.3;-12.10972;-77.05194;100978.73;14.57
26/07/2020;22:00:00;0;0;84.61;0;47.85;12.64;7.21;87.77;0;99.3;-12.10972;-77.05194;101026.15;14.58
26/07/2020;23:00:00;0;0;80.72;0;41.74;13.87;7.19;71.01;0;99.3;-12.10972;-77.05194;101025.31;14.52
27/07/2020;00:00:00;0;0;79.01;0;47;12.9;7.19;76.53;0;99.3;-12.10972;-77.05194;101026.92;14.45
27/07/2020;01:00:00;0;0;77.89;0;45.49;11.07;7.17;76.64;0;99.3;-12.10972;-77.05194;100995.85;14.3
27/07/2020;02:00:00;0;0;79.11;0;39.33;11.21;7.15;81.92;0;99.3;-12.10972;-77.05194;100921.04;14.16
27/07/2020;03:00:00;0;0;75.74;0;33.22;8.81;7.15;83.59;0;99.3;-12.10972;-77.05194;100870.82;13.93
27/07/2020;04:00:00;0;0;77.33;0;40.58;8.25;7.14;73.31;0;99.3;-12.10972;-77.05194;100857.45;13.75
27/07/2020;05:00:00;0;0;77;0;33.1;7.29;7.15;68.32;0;99.3;-12.10972;-77.05194;100865.63;13.57
27/07/2020;06:00:00;0;0;82.1;0;42.38;8.47;7.16;98.29;0;99.3;-12.10972;-77.05194;100881.99;13.71
27/07/2020;07:00:00;0;0;92.7;0;39.95;8.53;7.22;97.44;0;99.3;-12.10972;-77.05194;100917.23;13.74
27/07/2020;08:00:00;2.42;0;98.34;0;30.78;8.39;7.26;98.34;0.03;99.17;-12.10972;-77.05194;100979.52;14
27/07/2020;09:00:00;9.49;0;89.94;0;21.85;6.76;7.29;96.15;0.26;96.98;-12.10972;-77.05194;101035.84;14.44
27/07/2020;10:00:00;0;0;74.51;0;23.77;7.17;7.3;98.13;0.59;94.18;-12.10972;-77.05194;101057.97;15.03
27/07/2020;11:00:00;0;0;59.38;0;23.52;7.25;7.41;93.96;0.84;90.77;-12.10972;-77.05194;101038.03;15.57
27/07/2020;12:00:00;0.97;0;55.55;0;19.86;6.27;7.57;99.16;1.09;89.13;-12.10972;-77.05194;100979.55;15.95
27/07/2020;13:00:00;0;0;57.1;0;18.74;5.68;7.67;102.11;1.18;88.99;-12.10972;-77.05194;100935.82;16.1
27/07/2020;14:00:00;0;0;64.79;0;14.59;4.62;7.58;96.13;1.03;90.1;-12.10972;-77.05194;100858.74;15.82
27/07/2020;15:00:00;0;0;73.4;0;13.33;4.3;7.55;96.89;0.78;88.98;-12.10972;-77.05194;100778.46;16.04
27/07/2020;16:00:00;25.26;0;90.4;0;23.55;7.1;7.42;100.04;0.36;90.66;-12.10972;-77.05194;100739.77;15.89
27/07/2020;17:00:00;0;0;101.65;0;27.63;7.24;7.22;98.95;0.12;93.19;-12.10972;-77.05194;100759.14;15.46
27/07/2020;18:00:00;0;0;108.1;0;43.91;9.36;7.22;98.86;0;95.25;-12.10972;-77.05194;100786.34;15.07
27/07/2020;19:00:00;0;0;115.03;0;46.9;10.82;7.22;99.92;0;95.28;-12.10972;-77.05194;100815.25;15.04
27/07/2020;20:00:00;0;0;110.58;0;51.55;11.83;7.25;95.38;0;96.28;-12.10972;-77.05194;100845.3;15.01
27/07/2020;21:00:00;0;0;102.77;0;55.6;11.6;7.25;96.03;0;97.36;-12.10972;-77.05194;100870.25;14.91
27/07/2020;22:00:00;0;0;101.49;0;52.47;10.79;7.21;94.04;0;98.31;-12.10972;-77.05194;100882.82;14.86
27/07/2020;23:00:00;0;0;88.6;0;42.47;8.89;7.19;75.63;0;98.42;-12.10972;-77.05194;100877.6;14.79
28/07/2020;00:00:00;0;0;82.66;0;27.59;7.7;7.19;74.55;0;97.02;-12.10972;-77.05194;100844.15;14.76
28/07/2020;01:00:00;0;0;80.23;0;25.17;7.93;7.2;72.02;0;96.71;-12.10972;-77.05194;100841.12;14.78
28/07/2020;02:00:00;0;0;79.36;0;21.59;7.88;7.2;72.03;0;96.72;-12.10972;-77.05194;100809.78;14.65
28/07/2020;03:00:00;0;0;79.11;0;23.14;7;7.18;75;0;97.9;-12.10972;-77.05194;100777.15;14.46
28/07/2020;04:00:00;0;0;76.72;0;22.87;6.68;7.15;71.16;0;98.2;-12.10972;-77.05194;100746.31;14.25
28/07/2020;05:00:00;0;0;75.07;0;25.96;7.16;7.14;66.43;0;97.72;-12.10972;-77.05194;100759.21;13.91
28/07/2020;06:00:00;0;0;76.38;0;27.95;7.79;7.14;80.24;0;97.02;-12.10972;-77.05194;100771.47;13.76
28/07/2020;07:00:00;0;0;79.93;0;30.77;8.71;7.17;85.61;0;96.42;-12.10972;-77.05194;100800.37;13.81
28/07/2020;08:00:00;0;0;83.94;0;26.46;7.7;7.17;90.27;0.03;96.13;-12.10972;-77.05194;100839.01;14.02
28/07/2020;09:00:00;0;0;84.72;0;22.27;7.24;7.22;87.41;0.22;94.05;-12.10972;-77.05194;100882.33;14.5
28/07/2020;10:00:00;0;0;80.67;0;15.7;6.29;7.31;96.68;0.4;89.11;-12.10972;-77.05194;100918.76;15.42
28/07/2020;11:00:00;0;0;66.95;0;18.42;6.14;7.38;94.54;0.7;86.1;-12.10972;-77.05194;100916.06;16.27
28/07/2020;12:00:00;0;0;47.54;0;16.46;5.09;7.68;101.35;1.35;81.95;-12.10972;-77.05194;100868.64;17.2
28/07/2020;13:00:00;0;0;30.69;0;17.43;5.63;8.11;92.85;1.9;77.38;-12.10972;-77.05194;100801.91;18.56
28/07/2020;14:00:00;0;0;24.89;0.45;22.71;7.24;8.24;98.25;1.99;76.09;-12.10972;-77.05194;100725.68;18.95
28/07/2020;15:00:00;0;0;56.17;0.01;22.44;7.54;7.94;95.47;1.35;81.74;-12.10972;-77.05194;100650.51;17.51
28/07/2020;16:00:00;0;0;93.46;0;25.58;8.15;7.55;100.27;0.72;86.99;-12.10972;-77.05194;100653.44;16.26
28/07/2020;17:00:00;0;0;103.88;0;28.3;8.46;7.24;97.79;0.26;90.92;-12.10972;-77.05194;100685.94;15.33
28/07/2020;18:00:00;0;0;108.31;0;25.65;7.86;7.18;98.27;0.01;93.2;-12.10972;-77.05194;100720.45;14.87
28/07/2020;19:00:00;0;0.08;114.97;0.08;31.26;9.33;7.27;89.94;0;94.61;-12.10972;-77.05194;100741.39;14.85
28/07/2020;20:00:00;0;0;112.91;0;53.12;13.8;7.22;95.04;0;94.7;-12.10972;-77.05194;100765.31;15
28/07/2020;21:00:00;0;0;107.55;0;57.73;14.51;7.22;87.65;0;95.34;-12.10972;-77.05194;100808.91;14.76
28/07/2020;22:00:00;0;0;103;0;56.7;14.87;7.22;93.45;0;94.6;-12.10972;-77.05194;100831.45;14.81
28/07/2020;23:00:00;0;0;93.26;0;52.04;14.6;7.21;86.04;0;94.03;-12.10972;-77.05194;100824.02;14.81
29/07/2020;00:00:00;0;0;90.97;0;52.13;14.17;7.2;72.64;0;94.08;-12.10972;-77.05194;100824.11;14.81
29/07/2020;01:00:00;0;0;88.85;0;37.92;12.12;7.19;78.94;0;94.16;-12.10972;-77.05194;100789.52;14.65
29/07/2020;02:00:00;0;0;87.42;0;27.93;10.72;7.19;66.55;0;95.22;-12.10972;-77.05194;100743.7;14.43
29/07/2020;03:00:00;0;0;85.32;0;28.84;9.69;7.19;72.32;0;95.65;-12.10972;-77.05194;100676.38;14.3
29/07/2020;04:00:00;0;0;83.36;0;27.66;8.78;7.19;74.15;0;95.02;-12.10972;-77.05194;100637.26;14.16
29/07/2020;05:00:00;0;0;84.57;0;23.58;8.57;7.2;73.55;0;94.82;-12.10972;-77.05194;100663.65;14.14
29/07/2020;06:00:00;0;0;92.07;0;23.86;8.65;7.2;93.7;0;94.8;-12.10972;-77.05194;100681.47;14.06
29/07/2020;07:00:00;0;0;101.91;0;27.2;9.83;7.24;99.48;0;94.53;-12.10972;-77.05194;100725.94;14.09
29/07/2020;08:00:00;30.51;0;112.86;0;23.31;10.67;7.33;96.02;0.05;94.19;-12.10972;-77.05194;100766.07;14.29
29/07/2020;09:00:00;18.37;0;102.23;0;22.11;9.62;7.33;96.39;0.2;91.75;-12.10972;-77.05194;100831.29;14.63
29/07/2020;10:00:00;0;0;90.04;0;22.85;9.52;7.26;96.89;0.41;89.59;-12.10972;-77.05194;100861.58;14.82
29/07/2020;11:00:00;0;0;78.12;0;18.63;7.66;7.32;100.04;0.82;86.33;-12.10972;-77.05194;100838.24;15.44
29/07/2020;12:00:00;0;0;65.52;0;20.09;7.24;7.65;102.57;1.25;81.39;-12.10972;-77.05194;100791.04;16.72
29/07/2020;13:00:00;0;0;59.77;0;17.44;6.81;7.75;99.83;1.68;83.37;-12.10972;-77.05194;100714.4;16.48
29/07/2020;14:00:00;0;0;53.78;0;20.03;6.66;7.87;95.94;1.91;84.9;-12.10972;-77.05194;100631.99;16.78
29/07/2020;15:00:00;0;0;65.98;0;18.4;5.96;7.76;97.71;1.27;84.78;-12.10972;-77.05194;100573.64;16.44
29/07/2020;16:00:00;0;0;100.17;0;20.48;6.16;7.37;97.78;0.59;89.74;-12.10972;-77.05194;100571.72;15.42
29/07/2020;17:00:00;0;0;107.79;0;21.46;6.39;7.2;94.78;0.26;92.33;-12.10972;-77.05194;100579.44;15.02
29/07/2020;18:00:00;17.29;0;115.62;0;26.07;10.45;7.19;94.46;0.03;91.19;-12.10972;-77.05194;100617.99;15.13
29/07/2020;19:00:00;0;0;120.41;0;32.09;11.9;7.2;94.66;0;91.02;-12.10972;-77.05194;100674.47;15.15
29/07/2020;20:00:00;0.1;0;117.95;0;36;13.53;7.23;92.16;0;91.58;-12.10972;-77.05194;100727.72;15.3
29/07/2020;21:00:00;0;0;109.73;0;42.08;15.18;7.22;94.9;0;92.31;-12.10972;-77.05194;100767.7;15.28
29/07/2020;22:00:00;0;0;106.28;0;55.06;18.08;7.23;90.85;0;92.39;-12.10972;-77.05194;100769.14;15.22
29/07/2020;23:00:00;0;0;99.35;0;59.81;17.95;7.21;86.16;0;91.75;-12.10972;-77.05194;100750.7;15.17
30/07/2020;00:00:00;0;0;93.5;0;50.33;16.88;7.19;81.41;0;92.14;-12.10972;-77.05194;100747.68;15.01
30/07/2020;01:00:00;0;0;90.44;0;36.06;15.49;7.2;82.19;0;92.56;-12.10972;-77.05194;100775.08;14.87
30/07/2020;02:00:00;0;0;89.52;0;40.96;15.33;7.18;99.41;0;92.82;-12.10972;-77.05194;100781.79;14.81
30/07/2020;03:00:00;0;0;87.91;0;32.52;10.91;7.16;96.3;0;94.7;-12.10972;-77.05194;100766.3;14.38
30/07/2020;04:00:00;0;0;86.82;0;27.67;9.27;7.17;88.79;0;95.43;-12.10972;-77.05194;100732.45;14.27
30/07/2020;05:00:00;0;0;85.96;0;31.35;9.39;7.18;81.59;0;95.64;-12.10972;-77.05194;100733.2;14.19
30/07/2020;06:00:00;0;0;90.78;0;19.32;7.05;7.21;88.5;0;94.86;-12.10972;-77.05194;100724.44;14.24
30/07/2020;07:00:00;0;0;103.06;0;27.05;8.56;7.24;97.95;0;94.42;-12.10972;-77.05194;100731.48;14.39
30/07/2020;08:00:00;2.41;0;102.84;0;18.1;6.36;7.31;95.5;0.11;91.81;-12.10972;-77.05194;100753.28;14.83
30/07/2020;09:00:00;0;0;88.07;0;20.26;7.31;7.31;94.54;0.44;88.63;-12.10972;-77.05194;100769.92;15.4
30/07/2020;10:00:00;0.84;0;75.76;0;17.84;8.26;7.48;99.3;0.78;86.44;-12.10972;-77.05194;100779.59;15.83
30/07/2020;11:00:00;0;0;65.21;0;16.07;6.69;7.55;97.47;1.15;85.61;-12.10972;-77.05194;100776.72;15.81
30/07/2020;12:00:00;0;0;38.18;0;15.86;5.28;8.04;99.77;2.64;82.12;-12.10972;-77.05194;100696.82;16.74
30/07/2020;13:00:00;0;0;48.17;0.05;15.91;5.18;8.06;97.88;1.98;83.4;-12.10972;-77.05194;100621.44;16.83
30/07/2020;14:00:00;0;0;62.28;0;16.48;5.18;8.06;98.49;1.75;84.06;-12.10972;-77.05194;100522.41;17.03
30/07/2020;15:00:00;0;0;30.08;0.54;12.88;4.62;7.98;102.07;1.57;82.61;-12.10972;-77.05194;100429.54;17.14
30/07/2020;16:00:00;0;0;48.17;0.24;11.76;4.49;7.85;96.88;0.7;82.31;-12.10972;-77.05194;100364.27;17.12
30/07/2020;17:00:00;0;0;81.46;0;12.1;4.74;7.73;103.19;0.27;82.47;-12.10972;-77.05194;100333.81;16.97
30/07/2020;18:00:00;0;0;135.21;0;25.61;7.95;7.24;105.04;0.03;90.86;-12.10972;-77.05194;100377.44;15.43
30/07/2020;19:00:00;0;0;134.11;0;30.99;10.06;7.22;100.3;0;93.42;-12.10972;-77.05194;100439.53;15.04
30/07/2020;20:00:00;0;0;119.39;0;30.72;8.5;7.21;100.43;0;94.18;-12.10972;-77.05194;100510.52;14.82
30/07/2020;21:00:00;0;0;109.65;0;35.52;8.62;7.22;95.48;0;94.16;-12.10972;-77.05194;100578.84;14.8
30/07/2020;22:00:00;0;0;107.43;0;51.5;10.91;7.25;100.11;0;93.73;-12.10972;-77.05194;100604.82;14.95
30/07/2020;23:00:00;0;0;101.97;0;52.29;12.42;7.21;99.32;0;94.27;-12.10972;-77.05194;100600.14;14.92
31/07/2020;00:00:00;0;0;94.93;0;42.52;11.52;7.21;89.14;0;94.73;-12.10972;-77.05194;100615.73;14.78
31/07/2020;01:00:00;0;0;89.96;0;39.8;11.21;7.2;82.22;0;94.24;-12.10972;-77.05194;100608.16;14.8
31/07/2020;02:00:00;0;0;85.28;0;36.11;10.28;7.2;74.55;0;94.27;-12.10972;-77.05194;100600.77;14.7
31/07/2020;03:00:00;0;0;86.71;0;31.28;9.48;7.19;71.17;0;94.77;-12.10972;-77.05194;100588.82;14.5
31/07/2020;04:00:00;0;0;84.75;0;26.46;9.16;7.19;65.45;0;94.97;-12.10972;-77.05194;100568.46;14.4
31/07/2020;05:00:00;0;0;85.17;0;30.2;10.12;7.2;73.64;0;94.91;-12.10972;-77.05194;100575.33;14.46
31/07/2020;06:00:00;0;0;91.51;0;29.33;10.35;7.2;91.54;0;94.1;-12.10972;-77.05194;100579.87;14.55
31/07/2020;07:00:00;28.07;0;117.57;0;27.79;11.03;7.33;95.38;0;93.88;-12.10972;-77.05194;100592.82;14.72
31/07/2020;08:00:00;102.19;0;113.23;0;29.74;11.86;7.39;100.14;0.14;92.84;-12.10972;-77.05194;100615.37;15.07
31/07/2020;09:00:00;0;0;95.07;0;25.29;9.58;7.34;95.56;0.53;90.88;-12.10972;-77.05194;100686.43;15.73
31/07/2020;10:00:00;0;0;82.02;0;25.15;9.96;7.55;99.63;0.98;87.56;-12.10972;-77.05194;100706.42;16.36
31/07/2020;11:00:00;0;0;55.28;0;25.72;11.62;7.94;100.92;1.81;81.44;-12.10972;-77.05194;100695.87;17.64
31/07/2020;12:00:00;0;0;63.96;0;25.63;9.16;7.93;99.89;1.56;80.09;-12.10972;-77.05194;100661.59;17.88
31/07/2020;13:00:00;0;0;52.47;0;22.43;7.6;8.08;100.59;1.89;76.88;-12.10972;-77.05194;100615.42;18.42
31/07/2020;14:00:00;0;0;49.59;0;21.48;7.43;8.1;100.42;2.06;77.16;-12.10972;-77.05194;100573.14;18.17
31/07/2020;15:00:00;0;0;54.61;0;22.95;7.27;8.06;103.76;1.38;75.01;-12.10972;-77.05194;100526.74;18.54
31/07/2020;16:00:00;0;0;66.63;0;19.1;6.86;7.88;100.32;0.72;78.16;-12.10972;-77.05194;100516.23;17.57
31/07/2020;17:00:00;0;0;108.9;0;24.5;8.7;7.56;99.48;0.32;82.74;-12.10972;-77.05194;100553.18;16.66
31/07/2020;18:00:00;0;0;132.01;0;28.39;10.48;7.23;98.67;0.04;85.82;-12.10972;-77.05194;100619.48;15.73
31/07/2020;19:00:00;0;0;125.54;0;28.12;10.24;7.16;92.53;0;88.56;-12.10972;-77.05194;100679.48;15.14
31/07/2020;20:00:00;0;0;115.68;0;30.67;9.76;7.19;95.36;0;90.65;-12.10972;-77.05194;100738.75;15.09
31/07/2020;21:00:00;0;0;107.15;0;26.18;8.55;7.21;91.26;0;90.54;-12.10972;-77.05194;100803.35;15.05
31/07/2020;22:00:00;0;0;103.69;0;26.48;9.08;7.19;101.48;0;90.06;-12.10972;-77.05194;100829.2;15
31/07/2020;23:00:00;0;0;95.45;0;28.5;9.8;7.2;80.53;0;90.69;-12.10972;-77.05194;100822.81;14.95
