Fecha;Hora;CO (ug/m3);H2S (ug/m3);NO2 (ug/m3);O3 (ug/m3);PM10 (ug/m3);PM2.5 (ug/m3);SO2 (ug/m3);Ruido (dB);UV;Humedad (%);Latitud;Longitud;"Presion 
(Pa)";Temperatura (C)
1/08/2020;00:00:00;0;0;97.9;0;28.18;12.01;7.22;73.59;0;91.36;-12.10972;-77.05194;100835.56;14.91
1/08/2020;01:00:00;0;0;99.85;0;31.36;14.86;7.24;77.91;0;91.74;-12.10972;-77.05194;100862.39;14.87
1/08/2020;02:00:00;0;0;96.03;0;34.49;14.29;7.23;76.71;0;91.33;-12.10972;-77.05194;100826.87;14.82
1/08/2020;03:00:00;0;0;94.6;0;37.64;14.73;7.23;75.31;0;90.81;-12.10972;-77.05194;100774.97;14.82
1/08/2020;04:00:00;0;0;92.2;0;30.7;13.62;7.23;77.21;0;90.97;-12.10972;-77.05194;100779.31;14.76
1/08/2020;05:00:00;0;0;94.12;0;35.54;14.87;7.24;77.81;0;91.38;-12.10972;-77.05194;100827.69;14.7
1/08/2020;06:00:00;0;0;93.99;0;42.05;16.16;7.23;93.36;0;92.17;-12.10972;-77.05194;100873.25;14.56
1/08/2020;07:00:00;0;0;106.12;0;44.58;15.96;7.25;93.94;0;93;-12.10972;-77.05194;100917.64;14.5
1/08/2020;08:00:00;0;0;101.83;0;38.47;13.29;7.25;98.93;0.03;93.18;-12.10972;-77.05194;100952.16;14.58
1/08/2020;09:00:00;93.89;0;99.05;0;38.74;11.79;7.34;100.36;0.24;91.48;-12.10972;-77.05194;101002.26;15.06
1/08/2020;10:00:00;0;0;84.82;0;32.18;10.47;7.33;97.23;0.58;88.44;-12.10972;-77.05194;101016.45;15.59
1/08/2020;11:00:00;0;0;63.57;0;17.65;6.77;7.7;97.86;1.52;85.01;-12.10972;-77.05194;100972.06;16.42
1/08/2020;12:00:00;0;0;14.42;0.68;11.64;5.11;8.24;102.56;4.26;81.07;-12.10972;-77.05194;100887.06;17.23
1/08/2020;13:00:00;0;0;8.98;3.82;10.92;4.74;8.22;102.46;4.26;80.09;-12.10972;-77.05194;100821.61;17.56
1/08/2020;14:00:00;0;0;34.29;3.15;10.72;5.14;7.99;100.6;3;80.36;-12.10972;-77.05194;100744.27;17.13
1/08/2020;15:00:00;0;0;50.52;0.27;9.43;4.87;7.98;98.2;1.51;79.13;-12.10972;-77.05194;100687.72;17.72
1/08/2020;16:00:00;0;0;78.05;0;16.89;6.98;7.95;102.27;0.68;81.44;-12.10972;-77.05194;100653.66;17.69
1/08/2020;17:00:00;0;0;127.97;0;19.69;8.23;7.55;102.63;0.41;87.59;-12.10972;-77.05194;100652.45;16.62
1/08/2020;18:00:00;0;0;136.59;0;25.7;10.02;7.24;103.68;0.05;91.45;-12.10972;-77.05194;100674.5;15.9
1/08/2020;19:00:00;0;0;133.14;0;32.78;13.18;7.19;104.43;0;94.14;-12.10972;-77.05194;100721.41;15.45
1/08/2020;20:00:00;0;0;124.78;0;46.04;16.61;7.21;102.76;0;94.84;-12.10972;-77.05194;100796.38;15.35
1/08/2020;21:00:00;0;0;115.19;0;41.99;12.4;7.25;100.99;0;93.71;-12.10972;-77.05194;100818.67;15.2
1/08/2020;22:00:00;0;0;106.88;0;46.5;11.51;7.25;97.43;0;93.53;-12.10972;-77.05194;100838.01;15.2
1/08/2020;23:00:00;0;0;97.43;0;43.47;11.56;7.22;87.39;0;93.8;-12.10972;-77.05194;100852.4;15.07
2/08/2020;00:00:00;0;0;93.67;0;39.33;11.25;7.22;77.89;0;94.07;-12.10972;-77.05194;100840.02;15.01
2/08/2020;01:00:00;0;0;89.35;0;25.85;9.44;7.22;78.58;0;95.27;-12.10972;-77.05194;100798.95;14.66
2/08/2020;02:00:00;0;0;88.22;0;24.07;9.15;7.22;75.3;0;96.4;-12.10972;-77.05194;100726.31;14.52
2/08/2020;03:00:00;0;0;85.73;0;23.65;8.01;7.21;80.97;0;96.54;-12.10972;-77.05194;100664.19;14.3
2/08/2020;04:00:00;0;0;85.33;0;22.13;7.82;7.21;75.49;0;96.87;-12.10972;-77.05194;100607.88;14.07
2/08/2020;05:00:00;0;0;85.96;0;23.85;8.49;7.21;76.22;0;97.55;-12.10972;-77.05194;100580.48;13.9
2/08/2020;06:00:00;0;0;87.46;0;23.95;9.6;7.22;85.04;0;97.96;-12.10972;-77.05194;100605.58;13.89
2/08/2020;07:00:00;0;0;89.69;0;24.85;9.85;7.22;85.46;0;98.14;-12.10972;-77.05194;100651.41;13.87
2/08/2020;08:00:00;0;0;91.21;0;22.96;11.11;7.24;84.21;0.06;97.96;-12.10972;-77.05194;100697.01;13.99
2/08/2020;09:00:00;0;0;82.16;0;20.74;7.91;7.25;98.9;0.3;96.63;-12.10972;-77.05194;100757.82;14.37
2/08/2020;10:00:00;0;0;73.68;0;17.15;6.81;7.28;85.78;0.56;94.65;-12.10972;-77.05194;100806.51;14.94
2/08/2020;11:00:00;0;0;68.52;0;24.16;7.93;7.45;88.55;0.88;91.49;-12.10972;-77.05194;100806.54;15.98
2/08/2020;12:00:00;0;0;57.24;0;11.08;4.65;7.86;96.13;1.35;85.37;-12.10972;-77.05194;100777.41;17.27
2/08/2020;13:00:00;0;0;43.76;0;19.04;6.34;8.04;91.52;1.38;81.92;-12.10972;-77.05194;100726.1;17.83
2/08/2020;14:00:00;0;0;61.58;0;21.43;7.18;7.94;91.97;1.19;83.2;-12.10972;-77.05194;100662.34;17.35
2/08/2020;15:00:00;0;0;65.12;0;23.29;7.85;7.95;98.07;1.09;79.82;-12.10972;-77.05194;100612.95;17.96
2/08/2020;16:00:00;0;0;87.39;0;27.52;8.9;7.53;100.25;0.64;88.56;-12.10972;-77.05194;100603.44;15.79
2/08/2020;17:00:00;0;0;109.97;0;34.87;10.61;7.26;92.54;0.16;92.51;-12.10972;-77.05194;100615.82;15.49
2/08/2020;18:00:00;0;0;113.69;0;46.91;13.39;7.21;92.15;0;93.09;-12.10972;-77.05194;100643.8;15.3
2/08/2020;19:00:00;2.57;0;115.39;0;37.68;12.69;7.21;89.01;0;93.16;-12.10972;-77.05194;100691.55;15.15
2/08/2020;20:00:00;0;0;106.35;0;40.88;12.93;7.19;90.66;0;93.86;-12.10972;-77.05194;100755.01;15.07
2/08/2020;21:00:00;0;0;101.89;0;53;13.27;7.2;98.6;0;94.06;-12.10972;-77.05194;100797.19;14.86
2/08/2020;22:00:00;0;0;98.86;0;67.12;15.1;7.21;95.58;0;93.66;-12.10972;-77.05194;100844.38;14.94
2/08/2020;23:00:00;0;0;90.13;0;49.66;12.78;7.19;82.42;0;93.32;-12.10972;-77.05194;100857.53;14.98
3/08/2020;00:00:00;0;0;87.06;0;35.25;12.84;7.2;75.09;0;94.5;-12.10972;-77.05194;100874.55;14.85
3/08/2020;01:00:00;0;0;89.94;0;35.15;14.5;7.21;74.24;0;95.04;-12.10972;-77.05194;100857.13;14.78
3/08/2020;02:00:00;0;0;91.46;0;36.91;16.75;7.24;74.81;0;95.61;-12.10972;-77.05194;100827.56;14.66
3/08/2020;03:00:00;0;0;90.86;0;40.61;17.3;7.23;67.94;0;95.87;-12.10972;-77.05194;100800.25;14.57
3/08/2020;04:00:00;0;0;92.27;0;46.37;14.8;7.19;78.1;0;97.79;-12.10972;-77.05194;100802.07;14.47
3/08/2020;05:00:00;0;0;90.22;0;57.14;14.89;7.18;75.36;0;98.3;-12.10972;-77.05194;100811.25;14.39
3/08/2020;06:00:00;0;0;96.31;0;39.38;11.05;7.19;93.4;0;98.34;-12.10972;-77.05194;100835.78;14.31
3/08/2020;07:00:00;0.64;0;117.26;0;33.17;9.79;7.28;98.64;0;97.7;-12.10972;-77.05194;100875.2;14.45
3/08/2020;08:00:00;171.67;0.11;132.7;0;23.93;8.2;7.51;99.01;0.06;95.87;-12.10972;-77.05194;100917.85;14.82
3/08/2020;09:00:00;294.59;0.06;118.26;0;19.89;7.45;7.54;100.9;0.3;91.14;-12.10972;-77.05194;100961.98;15.75
3/08/2020;10:00:00;118.37;0;102.46;0;22.99;7.21;7.48;97.68;0.43;89.54;-12.10972;-77.05194;100977.18;16.26
3/08/2020;11:00:00;88.07;0.12;91.01;0;32.77;9.59;7.51;97.46;0.55;87.24;-12.10972;-77.05194;100986.11;16.49
3/08/2020;12:00:00;36.47;0;98.22;0;32.73;10.73;7.74;97.56;0.67;84.27;-12.10972;-77.05194;100960.84;17.22
3/08/2020;13:00:00;136.86;0.17;83.78;0;30.97;9.71;7.7;98.12;0.74;82.1;-12.10972;-77.05194;100922.26;17.35
3/08/2020;14:00:00;58.43;0;99.18;0;42.52;11.48;7.87;97.16;0.73;81.06;-12.10972;-77.05194;100855.02;17.9
3/08/2020;15:00:00;42.05;0;100.49;0;38.11;11.48;7.89;101.54;0.66;81.21;-12.10972;-77.05194;100799.55;17.91
3/08/2020;16:00:00;210.27;0.02;117.01;0;35.22;10.71;7.91;107.25;0.71;81.5;-12.10972;-77.05194;100762.28;17.65
3/08/2020;17:00:00;261.96;0.52;123.74;0;32.58;10.21;7.81;98.9;0.26;81.34;-12.10972;-77.05194;100772.79;17.5
3/08/2020;18:00:00;37.36;0;116.07;0;42.08;12.19;7.34;96.02;0.02;88.76;-12.10972;-77.05194;100817.68;16.11
3/08/2020;19:00:00;0;0;122.95;0;52.6;13.68;7.23;101.04;0;94.48;-12.10972;-77.05194;100883.8;15.1
3/08/2020;20:00:00;0;0;112.22;0;41.2;11.39;7.2;90.26;0;96.54;-12.10972;-77.05194;100952.27;14.91
3/08/2020;21:00:00;0;0;101.43;0;40.94;11.38;7.22;100.24;0;97.79;-12.10972;-77.05194;100992.71;14.83
3/08/2020;22:00:00;0;0;95.81;0;99.12;20.2;7.22;101.78;0;96.33;-12.10972;-77.05194;100995.24;14.88
3/08/2020;23:00:00;0;0;85.86;0;31.24;9.3;7.2;77.87;0;94.91;-12.10972;-77.05194;100996.04;14.82
4/08/2020;00:00:00;0;0;86.03;0;93.16;19.46;7.2;71.36;0;95.26;-12.10972;-77.05194;100998.44;14.89
4/08/2020;01:00:00;0;0;91.58;0;75.99;19.24;7.22;77.82;0;96.44;-12.10972;-77.05194;100988.56;14.78
4/08/2020;02:00:00;0;0;97.14;0;90.35;22.7;7.24;75.36;0;97.67;-12.10972;-77.05194;100954.36;14.78
4/08/2020;03:00:00;0;0;97.38;0;37.71;15.77;7.25;75.7;0;97.35;-12.10972;-77.05194;100932.03;14.61
4/08/2020;04:00:00;0;0;93.68;0;36.62;17.21;7.24;74.27;0;97.31;-12.10972;-77.05194;100924.09;14.6
4/08/2020;05:00:00;0;0;89.33;0;53.7;18.22;7.18;77.09;0;99.18;-12.10972;-77.05194;100918.77;14.19
4/08/2020;06:00:00;0;0;90.95;0;33.45;12.47;7.18;88.1;0;99.3;-12.10972;-77.05194;100915.25;14
4/08/2020;07:00:00;0;0;99.23;0;30.17;10.71;7.21;101.93;0;98.52;-12.10972;-77.05194;100949.01;14.19
4/08/2020;08:00:00;0;0;101.02;0;33.91;11.45;7.3;99.35;0.08;95.11;-12.10972;-77.05194;101003.14;14.74
4/08/2020;09:00:00;0;0;87.51;0;19.89;7.61;7.3;95.7;0.28;91.18;-12.10972;-77.05194;101081.78;15.4
4/08/2020;10:00:00;0;0;74.54;0;17.07;5.81;7.36;93.85;0.56;88.67;-12.10972;-77.05194;101111.71;15.8
4/08/2020;11:00:00;0;0;63.47;0;11.83;4.89;7.57;95.32;0.88;85.69;-12.10972;-77.05194;101091.87;16.21
4/08/2020;12:00:00;0;0;66.57;0;13.64;5.04;7.6;97.51;1.13;89.29;-12.10972;-77.05194;101033.65;16.09
4/08/2020;13:00:00;0;0;72.78;0;16.83;5.7;7.55;96.94;1.19;90.24;-12.10972;-77.05194;100966.59;15.97
4/08/2020;14:00:00;0;0;66.75;0;16;5.24;7.76;97.68;1.31;87.89;-12.10972;-77.05194;100882.69;16.55
4/08/2020;15:00:00;0;0;59.16;0;15.11;4.76;7.89;98.72;1.32;85.48;-12.10972;-77.05194;100808.86;16.77
4/08/2020;16:00:00;0;0;66.13;0;14.73;4.95;7.78;93.87;0.86;86.02;-12.10972;-77.05194;100736.75;16.66
4/08/2020;17:00:00;0;0;92.31;0;13.21;4.87;7.57;97.16;0.44;87.61;-12.10972;-77.05194;100727.76;16.32
4/08/2020;18:00:00;0;0;117.76;0;34.63;8.29;7.22;104.36;0.04;91.91;-12.10972;-77.05194;100763.84;15.61
4/08/2020;19:00:00;0;0;130.76;0;44.05;10.49;7.17;101.07;0;93.57;-12.10972;-77.05194;100782.22;15.19
4/08/2020;21:00:00;0;0;115.8;0;62.25;16.95;7.2;92.89;0;93.29;-12.10972;-77.05194;100908.16;15.44
4/08/2020;22:00:00;0;0;102.44;0;39.55;12.82;7.19;99.29;0;94.35;-12.10972;-77.05194;100929.27;15.34
4/08/2020;23:00:00;0;0;91.06;0;34.12;12.3;7.17;85.82;0;94.74;-12.10972;-77.05194;100962.18;15.12
5/08/2020;00:00:00;0;0;84.23;0;26.26;9.77;7.17;79.8;0;93.72;-12.10972;-77.05194;100956.64;14.92
5/08/2020;01:00:00;0;0;85.73;0;24.5;10.34;7.16;77.07;0;93.58;-12.10972;-77.05194;100948.46;14.65
5/08/2020;02:00:00;0;0;86.98;0;25;10.31;7.16;79.81;0;95.08;-12.10972;-77.05194;100931.09;14.27
5/08/2020;03:00:00;0;0;86.27;0;21.16;7.21;7.15;75.3;0;96.01;-12.10972;-77.05194;100914.92;14.15
5/08/2020;04:00:00;0;0;85.7;0;20.68;6.28;7.15;74.16;0;97.21;-12.10972;-77.05194;100906.87;14.05
5/08/2020;05:00:00;0;0;87.81;0;9.11;4.26;7.18;78.02;0;96.94;-12.10972;-77.05194;100874.46;14.16
5/08/2020;06:00:00;0;0;100.05;0;14.22;5.63;7.24;88.45;0;93.79;-12.10972;-77.05194;100869.24;14.67
5/08/2020;07:00:00;10.97;0.04;126.96;0;21.16;6.68;7.37;98.4;0;91.52;-12.10972;-77.05194;100908.47;15.1
5/08/2020;08:00:00;229.03;0.43;140.48;0;34.65;9.55;7.46;97.26;0.07;95.88;-12.10972;-77.05194;100974.46;15.02
5/08/2020;09:00:00;370.24;1.94;141.06;0;16.08;6.08;7.6;98.88;0.29;96.73;-12.10972;-77.05194;100987.45;15.22
5/08/2020;10:00:00;213.79;0.12;100.08;0;20.41;6.79;7.57;97.53;0.64;91.15;-12.10972;-77.05194;100991.16;16.29
5/08/2020;11:00:00;51.65;0;55.8;0;21.46;6.77;7.93;97.41;1.18;81.63;-12.10972;-77.05194;100953.38;17.85
5/08/2020;12:00:00;0;0;22.61;0;17.86;5.94;8.44;98.76;2.69;73.99;-12.10972;-77.05194;100915.86;19.91
5/08/2020;13:00:00;0;0;3.09;0.77;19.52;6.26;8.57;99.29;3.72;71.24;-12.10972;-77.05194;100866.7;20.65
5/08/2020;14:00:00;0;0;4.79;0.05;13.33;4.79;8.49;102.91;2.98;66.03;-12.10972;-77.05194;100777.87;21.37
5/08/2020;15:00:00;0;0;38.92;0;17.66;6.04;8.21;104.5;1.54;69.1;-12.10972;-77.05194;100701.56;20.56
5/08/2020;16:00:00;0;0;87.85;0;21.81;7.21;7.96;100.42;0.73;79.14;-12.10972;-77.05194;100668.45;17.86
5/08/2020;17:00:00;0;0;121.77;0;21.38;7.09;7.62;95.77;0.36;84.39;-12.10972;-77.05194;100670.33;16.69
5/08/2020;18:00:00;1.02;0;134.78;0;21.88;7.65;7.22;98.95;0.05;88.4;-12.10972;-77.05194;100724;15.75
5/08/2020;19:00:00;0;0;132.73;0;23.47;8.44;7.2;102.07;0;88.16;-12.10972;-77.05194;100742.29;15.85
5/08/2020;20:00:00;0;0;122.7;0;21.88;6.64;7.18;97.78;0;90.82;-12.10972;-77.05194;100755.73;15.48
5/08/2020;21:00:00;0;0;120.55;0;30.51;11.38;7.21;96.67;0;91.38;-12.10972;-77.05194;100790.04;15.51
5/08/2020;22:00:00;0;0;113.46;0;45.89;14.62;7.2;93.97;0;91.35;-12.10972;-77.05194;100856.27;15.47
5/08/2020;23:00:00;0;0;103.79;0;62.57;18.32;7.19;88.87;0;91.47;-12.10972;-77.05194;100844.82;15.47
6/08/2020;00:00:00;0;0;95.39;0;62.88;16.86;7.16;86.1;0;91.87;-12.10972;-77.05194;100792.27;15.41
6/08/2020;01:00:00;0;0;94.88;0;41.15;13.88;7.16;85.3;0;92.4;-12.10972;-77.05194;100774.26;15.38
6/08/2020;02:00:00;0;0;91.11;0;41.73;14.54;7.18;73.85;0;93.27;-12.10972;-77.05194;100730.7;15.28
6/08/2020;03:00:00;0;0;89.72;0;41.52;14.74;7.17;68.68;0;93.47;-12.10972;-77.05194;100688.85;15.17
6/08/2020;04:00:00;11.79;0;88.28;0;34.28;13.61;7.18;73.89;0;93.66;-12.10972;-77.05194;100666.04;15.13
6/08/2020;05:00:00;0;0;87.56;0;31.18;13.23;7.17;67.53;0;93.35;-12.10972;-77.05194;100656.82;15.04
6/08/2020;06:00:00;0;0;93.79;0;32.53;13.66;7.2;83.41;0;92.98;-12.10972;-77.05194;100699.07;15.17
6/08/2020;07:00:00;0.11;0;106.53;0;31.26;13.6;7.22;100.7;0;92.82;-12.10972;-77.05194;100761.28;15.09
6/08/2020;08:00:00;0;0;113.52;0;31.73;13.99;7.27;96.34;0.04;92.3;-12.10972;-77.05194;100829.74;15.29
6/08/2020;09:00:00;25.97;0;109.5;0;28.91;12.98;7.31;101.16;0.23;90.65;-12.10972;-77.05194;100886.3;15.72
6/08/2020;10:00:00;0;0;106.78;0;36.62;17.64;7.31;100.15;0.3;89.56;-12.10972;-77.05194;100908.35;15.94
6/08/2020;11:00:00;0;0;93.22;0;33.44;16.25;7.28;100.43;0.44;90.04;-12.10972;-77.05194;100895.23;15.65
6/08/2020;12:00:00;15.42;0;71.13;0;25.79;9.96;7.53;96.88;1.26;86.34;-12.10972;-77.05194;100828.91;16.21
6/08/2020;13:00:00;0;0;57.03;0;16.69;7.37;7.74;98.91;1.53;86.71;-12.10972;-77.05194;100748.53;16.26
6/08/2020;14:00:00;0;0;38.98;0.86;13.95;7.53;7.98;98.32;1.95;81.74;-12.10972;-77.05194;100634.46;17.37
6/08/2020;15:00:00;0;0.61;27.75;0.91;11;5.62;8.08;102.04;1.58;81.15;-12.10972;-77.05194;100544.93;17.62
6/08/2020;16:00:00;0;0;85.02;0.13;18.33;7.42;7.69;101.46;0.84;86.54;-12.10972;-77.05194;100515.92;16.48
6/08/2020;17:00:00;0;0;115.98;0;29.95;13.67;7.45;94.75;0.41;86.21;-12.10972;-77.05194;100486.89;16.42
6/08/2020;18:00:00;0;0;125.87;0;38.01;20.3;7.15;96.47;0.03;89.29;-12.10972;-77.05194;100511.55;15.55
6/08/2020;19:00:00;0;0;133.16;0;41.05;21.36;7.15;96.15;0;90.8;-12.10972;-77.05194;100560.53;15.32
6/08/2020;20:00:00;0;0;124.92;0;49.84;24.69;7.17;99.53;0;91.47;-12.10972;-77.05194;100605.45;15.32
6/08/2020;21:00:00;0;0;123.35;0;79.23;26.76;7.22;99.87;0;91.96;-12.10972;-77.05194;100667.68;15.48
6/08/2020;22:00:00;0;0;111.66;0;81.4;27.51;7.19;97.61;0;92.17;-12.10972;-77.05194;100695.53;15.35
6/08/2020;23:00:00;0;0;101.66;0;71.36;25.49;7.19;77.92;0;91.92;-12.10972;-77.05194;100702.03;15.37
7/08/2020;00:00:00;0;0;92.85;0;43.34;21.05;7.16;79.71;0;93.1;-12.10972;-77.05194;100702.91;15.23
7/08/2020;01:00:00;0;0;89.57;0;38.95;19.57;7.15;99.93;0;94.06;-12.10972;-77.05194;100684.83;14.92
7/08/2020;02:00:00;0;0;86.83;0;36.37;17.6;7.17;65.49;0;94.34;-12.10972;-77.05194;100664.77;14.68
7/08/2020;03:00:00;0;0;87.56;0;38.54;15.04;7.19;73.35;0;94.6;-12.10972;-77.05194;100658.1;14.75
7/08/2020;04:00:00;0;0;87.06;0;33.23;14.5;7.21;72.51;0;94.44;-12.10972;-77.05194;100643.14;14.77
7/08/2020;05:00:00;0;0;90.57;0;33.95;14.32;7.2;71.09;0;94.18;-12.10972;-77.05194;100633.68;14.77
7/08/2020;06:00:00;0;0;109.15;0;34.52;18.11;7.26;90.45;0;94.5;-12.10972;-77.05194;100632.62;14.7
7/08/2020;07:00:00;0;0;110.22;0;43.28;20.8;7.27;92.05;0;94.37;-12.10972;-77.05194;100695.93;14.69
7/08/2020;08:00:00;8.52;0;111.99;0;33.93;15.77;7.34;95.8;0.13;92.45;-12.10972;-77.05194;100783.89;15.17
7/08/2020;09:00:00;0;0;91.39;0;26.66;10.44;7.38;104.23;0.6;88.52;-12.10972;-77.05194;100836.08;16.12
7/08/2020;10:00:00;0;0;64.78;0;24.09;7.89;7.72;98.55;1.24;82.85;-12.10972;-77.05194;100851.65;17.35
7/08/2020;11:00:00;0;0;50.67;0;24.81;7.92;8.09;100.15;2.24;78.2;-12.10972;-77.05194;100838.54;18.39
7/08/2020;12:00:00;0;0;13.09;0.07;22.75;6.79;8.55;101.26;3.15;71.09;-12.10972;-77.05194;100770.02;20.2
7/08/2020;13:00:00;0;0;57.89;1.19;30.85;8.85;8.23;104.8;1.76;77.65;-12.10972;-77.05194;100709.82;18.61
7/08/2020;14:00:00;0;0;73.03;0;24.28;7.84;8.21;98.55;1.72;76.87;-12.10972;-77.05194;100660.92;19
7/08/2020;15:00:00;0;0;63.51;0;25.62;8.06;8.19;98.52;1.49;75.58;-12.10972;-77.05194;100610.45;19.1
7/08/2020;16:00:00;0;0;75.41;0;32.12;9.01;8.01;99.95;0.79;76.3;-12.10972;-77.05194;100597.97;18.64
7/08/2020;17:00:00;0;0;109.59;0;42.79;12.96;7.62;99.2;0.3;84.19;-12.10972;-77.05194;100630.72;17.11
7/08/2020;18:00:00;0;0;136.86;0;50.97;17.03;7.28;98.23;0.07;84.93;-12.10972;-77.05194;100708.23;16.67
7/08/2020;19:00:00;0;0;134.45;0;59.07;17.39;7.17;95.4;0;90.05;-12.10972;-77.05194;100774.86;15.77
7/08/2020;20:00:00;0;0;126.31;0;59.78;18.91;7.17;100.56;0;93.12;-12.10972;-77.05194;100823.08;15.36
7/08/2020;21:00:00;0;0;117.63;0;57.94;21.24;7.17;94.69;0;93.17;-12.10972;-77.05194;100860.7;15.27
7/08/2020;22:00:00;0;0;116.29;0;60.94;23.62;7.2;85.78;0;92.98;-12.10972;-77.05194;100869.92;15.33
7/08/2020;23:00:00;0;0;118.55;0;60.91;25.17;7.23;80.38;0;92.35;-12.10972;-77.05194;100874.3;15.52
8/08/2020;00:00:00;0;0;112.91;0;61.19;25.85;7.22;77.28;0;93.22;-12.10972;-77.05194;100854.49;15.26
8/08/2020;01:00:00;0;0;110.42;0;75;29.82;7.23;74.64;0;93.44;-12.10972;-77.05194;100845.62;15.27
8/08/2020;02:00:00;0;0;113.54;0;93.08;35.12;7.22;75.87;0;94.82;-12.10972;-77.05194;100803.78;14.89
8/08/2020;03:00:00;0;0;113.07;0;84.13;36.94;7.23;80.79;0;95.67;-12.10972;-77.05194;100774.21;14.7
8/08/2020;04:00:00;0;0;104.85;0;77.66;39.2;7.21;70.35;0;96.83;-12.10972;-77.05194;100748.07;14.42
8/08/2020;05:00:00;0;0;109.57;0;88.67;39.5;7.22;80.19;0;97.82;-12.10972;-77.05194;100751.87;14.41
8/08/2020;06:00:00;0;0;107.46;0;76.88;34.45;7.22;86.31;0;97.54;-12.10972;-77.05194;100767.99;14.39
8/08/2020;07:00:00;0;0;112.05;0;56.29;28.47;7.26;98.27;0;96.97;-12.10972;-77.05194;100793.6;14.47
8/08/2020;08:00:00;0;0;108.96;0;62.86;29.42;7.3;94.6;0.09;96.37;-12.10972;-77.05194;100826.41;14.69
8/08/2020;09:00:00;0;0;95.65;0;45.35;23.54;7.28;95.26;0.33;94.72;-12.10972;-77.05194;100877.21;14.9
8/08/2020;10:00:00;0;0;89.31;0;41.06;22.36;7.39;94.99;0.65;91.68;-12.10972;-77.05194;100892.76;15.56
8/08/2020;11:00:00;0;0;70.2;0;31.45;15.88;7.6;99.25;1.26;89.33;-12.10972;-77.05194;100860.37;15.94
8/08/2020;12:00:00;0;0;29.77;0.65;20.85;9.39;8.07;97.28;3.45;85.44;-12.10972;-77.05194;100807.47;16.81
8/08/2020;13:00:00;0;0;11.75;3.5;16.38;6.62;8.28;104.36;3.68;83.64;-12.10972;-77.05194;100753.47;17.3
8/08/2020;14:00:00;0;0;42.1;0.78;20.19;7.85;8.12;99.83;2.4;84.33;-12.10972;-77.05194;100713.14;17.26
8/08/2020;15:00:00;0;0;74.22;0;22.97;9.51;7.99;101.35;1.4;83.82;-12.10972;-77.05194;100641.29;17.26
8/08/2020;16:00:00;0;0;96.14;0;26.35;9.66;7.7;100.86;0.89;87.44;-12.10972;-77.05194;100621.05;16.34
8/08/2020;17:00:00;0;0;115.97;0;36.9;11.8;7.5;95.83;0.4;88.62;-12.10972;-77.05194;100635.99;16.1
8/08/2020;18:00:00;0;0;123.36;0;42.96;14.62;7.24;92.85;0.05;91.75;-12.10972;-77.05194;100659.05;15.53
8/08/2020;19:00:00;0;0;133.64;0;67.66;23.01;7.18;97.32;0;93.05;-12.10972;-77.05194;100703.98;15.44
8/08/2020;20:00:00;2.15;0;129.37;0;93.13;29.8;7.23;100.52;0;93.6;-12.10972;-77.05194;100734.61;15.44
8/08/2020;21:00:00;10.42;0;120.69;0;77.71;27.64;7.23;94.28;0;94.53;-12.10972;-77.05194;100784.17;15.27
8/08/2020;22:00:00;0;0;111.04;0;67.47;26.46;7.2;89.97;0;95.31;-12.10972;-77.05194;100829.78;15.13
8/08/2020;23:00:00;0;0;101.62;0;93.35;35.54;7.15;85.1;0;96.72;-12.10972;-77.05194;100857.98;14.96
9/08/2020;00:00:00;0;0;99.67;0;109.42;40.14;7.15;78.95;0;96.59;-12.10972;-77.05194;100851;15.05
9/08/2020;01:00:00;0;0;92.51;0;79.49;34.6;7.13;75.84;0;97.69;-12.10972;-77.05194;100818.56;14.79
9/08/2020;02:00:00;0;0;92.42;0;75.25;31.71;7.13;89.92;0;98.73;-12.10972;-77.05194;100778.91;14.64
9/08/2020;03:00:00;0;0;91.04;0;94.94;23.86;7.14;102.73;0;99.29;-12.10972;-77.05194;100748.12;14.31
9/08/2020;04:00:00;0;0;91.08;0;99.3;21.91;7.14;96.49;0;99.3;-12.10972;-77.05194;100728.08;14.25
9/08/2020;05:00:00;0;0;87.56;0;73.6;15.35;7.18;93.1;0;99.3;-12.10972;-77.05194;100738.12;14.29
9/08/2020;06:00:00;0;0;87.67;0;89.02;19.34;7.19;88.52;0;99.3;-12.10972;-77.05194;100741.31;14.53
9/08/2020;07:00:00;0;0;92.01;0;56.84;13.04;7.2;84.3;0;99.29;-12.10972;-77.05194;100778.62;14.58
9/08/2020;08:00:00;0;0;87.94;0;40.2;11.5;7.22;89.19;0.07;98.15;-12.10972;-77.05194;100836.81;14.74
9/08/2020;09:00:00;0;0;82.52;0;25.49;7.35;7.23;93.16;0.24;96.11;-12.10972;-77.05194;100927.4;14.94
9/08/2020;10:00:00;0;0;71.92;0;23.49;6.92;7.27;87.32;0.59;93.54;-12.10972;-77.05194;100933;15.34
9/08/2020;11:00:00;0;0;60.5;0;17.37;5.66;7.54;88.55;0.91;90.77;-12.10972;-77.05194;100906.85;15.99
9/08/2020;12:00:00;0;0;53.5;0;15.3;4.93;7.82;101.68;1.31;85.67;-12.10972;-77.05194;100869.55;16.93
9/08/2020;13:00:00;0;0;9.99;1.3;13.07;4.26;8.3;96.89;3.23;81.14;-12.10972;-77.05194;100763.37;17.47
9/08/2020;14:00:00;0;0;27.31;0.34;13.87;4.82;7.97;101.78;2.82;82.29;-12.10972;-77.05194;100684.82;17.04
9/08/2020;15:00:00;0;0;71.91;0;16.29;5.23;8;97.34;1.33;82.75;-12.10972;-77.05194;100632.25;17.48
9/08/2020;16:00:00;0;0;92.02;0;18.62;5.52;7.88;92.43;0.83;84.9;-12.10972;-77.05194;100620.57;17.23
9/08/2020;17:00:00;3.45;0;105.16;0;18.53;6.26;7.65;100.45;0.4;87.69;-12.10972;-77.05194;100652.25;16.63
9/08/2020;18:00:00;0;0;119.48;0;23.68;8.3;7.37;95.11;0.1;90.6;-12.10972;-77.05194;100664.61;16.13
9/08/2020;19:00:00;0;0;121.91;0;24.43;8.89;7.24;93.28;0;92.46;-12.10972;-77.05194;100684.83;15.72
9/08/2020;20:00:00;0.42;0;115.47;0;28.61;10.76;7.23;96.16;0;93.85;-12.10972;-77.05194;100702.75;15.58
9/08/2020;21:00:00;0;0;111.57;0;47.9;15.53;7.21;89.78;0;94.41;-12.10972;-77.05194;100739.36;15.59
9/08/2020;22:00:00;0;0;99.76;0;37.39;11.83;7.19;96.57;0;95.52;-12.10972;-77.05194;100768.03;15.24
9/08/2020;23:00:00;0;0;95.6;0;44.24;11.87;7.18;99.53;0;96.58;-12.10972;-77.05194;100733.07;14.99
10/08/2020;00:00:00;0;0;92.21;0;40.48;9.77;7.18;101.8;0;97.95;-12.10972;-77.05194;100720.22;14.73
10/08/2020;01:00:00;0;0;89.58;0;43.85;9.72;7.18;88.61;0;98.3;-12.10972;-77.05194;100718.93;14.58
10/08/2020;02:00:00;0;0;86.13;0;29.88;7.43;7.19;76.98;0;98.15;-12.10972;-77.05194;100712.13;14.46
10/08/2020;03:00:00;0;0;86.31;0;36.36;7.78;7.18;75.64;0;98.2;-12.10972;-77.05194;100702.85;14.35
10/08/2020;04:00:00;0;0;85.85;0;32.09;8.29;7.19;65.54;0;98.87;-12.10972;-77.05194;100677.38;14.11
10/08/2020;05:00:00;0;0;86.3;0;35.73;8.17;7.19;67.49;0;98.59;-12.10972;-77.05194;100660.96;14.18
10/08/2020;06:00:00;0;0;87.38;0;44.72;9.88;7.2;83.69;0;98.14;-12.10972;-77.05194;100682.88;14.33
10/08/2020;07:00:00;0;0;95.57;0;25.63;6.93;7.22;95.32;0;97.1;-12.10972;-77.05194;100753.67;14.48
10/08/2020;08:00:00;0;0;97.36;0;21.15;7.43;7.27;100.43;0.08;95.36;-12.10972;-77.05194;100837.79;14.77
10/08/2020;09:00:00;0;0;88.76;0;19.96;6.33;7.26;101.46;0.27;93.66;-12.10972;-77.05194;100883.81;15.11
10/08/2020;10:00:00;0;0;82.7;0;16.5;5.49;7.33;96.99;0.53;91.66;-12.10972;-77.05194;100933.63;15.6
10/08/2020;11:00:00;0;0;69.11;0;23.41;6.13;7.6;100.19;0.92;89.03;-12.10972;-77.05194;100883.63;16.36
10/08/2020;12:00:00;0;0;59.11;0;20.1;5.62;7.75;101.57;1.05;88.45;-12.10972;-77.05194;100795.89;16.42
10/08/2020;13:00:00;0;0;68.57;0;23.69;6.15;7.73;101.08;1.04;89.65;-12.10972;-77.05194;100716.98;16.3
10/08/2020;14:00:00;3.35;0;73.48;0;20.29;5.69;7.77;94.93;0.93;88.25;-12.10972;-77.05194;100656.77;16.58
10/08/2020;15:00:00;0;0;79.13;0;27.87;6.8;7.66;100.21;0.8;86.03;-12.10972;-77.05194;100593.71;16.64
10/08/2020;16:00:00;0;0;74.1;0;15.94;5.06;7.68;98.6;0.86;85.62;-12.10972;-77.05194;100508.52;16.37
10/08/2020;17:00:00;0;0;95.13;0;23.34;7.38;7.52;100.85;0.4;88.33;-12.10972;-77.05194;100510.5;16.26
10/08/2020;18:00:00;1.22;0;111.8;0;38.55;9.86;7.26;96.25;0.03;93.25;-12.10972;-77.05194;100523.34;15.46
10/08/2020;19:00:00;35.98;0;118.77;0;25.91;8.63;7.31;100.06;0;94.55;-12.10972;-77.05194;100505.04;15.26
10/08/2020;20:00:00;47.06;0;104.65;0;22.29;9.17;7.23;93.21;0;94.24;-12.10972;-77.05194;100541.28;14.97
10/08/2020;21:00:00;0;0;102.81;0;23.15;10.46;7.23;93.79;0;93.72;-12.10972;-77.05194;100590.52;14.96
10/08/2020;22:00:00;0;0;105.57;0;43.07;17.56;7.25;89.39;0;93.41;-12.10972;-77.05194;100639.77;15.16
10/08/2020;23:00:00;0;0;95.16;0;45.14;13.24;7.2;93.04;0;93.72;-12.10972;-77.05194;100689.23;15.12
11/08/2020;00:00:00;0;0;89.75;0;39.9;10.72;7.19;88.39;0;94.02;-12.10972;-77.05194;100677.77;15.05
11/08/2020;01:00:00;0;0;90.33;0;51.34;10.89;7.17;88.38;0;97.02;-12.10972;-77.05194;100640.13;14.65
11/08/2020;02:00:00;0;0;86.98;0;52.9;9.66;7.19;70.99;0;98.13;-12.10972;-77.05194;100568.71;14.38
11/08/2020;03:00:00;0;0;82.9;0;27.76;6.4;7.2;69.05;0;97.15;-12.10972;-77.05194;100493.08;14.38
11/08/2020;04:00:00;0;0;81.79;0;21.92;6.13;7.21;91.86;0;95.97;-12.10972;-77.05194;100455.36;14.52
11/08/2020;05:00:00;0;0;84.59;0;24.67;7.85;7.22;75.98;0;96.16;-12.10972;-77.05194;100458.07;14.6
11/08/2020;06:00:00;0;0;90.65;0;30.64;10.13;7.23;85.75;0;95.19;-12.10972;-77.05194;100486.55;14.68
11/08/2020;07:00:00;3.19;0;108.36;0;32.32;12.57;7.3;93.05;0;94.61;-12.10972;-77.05194;100542.45;14.76
11/08/2020;08:00:00;2.81;0;110.27;0;25.84;8.24;7.32;97.52;0.03;94.32;-12.10972;-77.05194;100616.86;14.9
11/08/2020;09:00:00;1.59;0;101.38;0;21.88;7.07;7.32;96.44;0.17;93.3;-12.10972;-77.05194;100693.23;15.03
11/08/2020;10:00:00;0;0;93.99;0;24.28;7.2;7.29;102.5;0.32;93.38;-12.10972;-77.05194;100766.36;15.16
11/08/2020;11:00:00;0;0;86.92;0;22.86;6.87;7.33;97.83;0.59;92.24;-12.10972;-77.05194;100805.59;15.57
11/08/2020;12:00:00;0;0;56.33;0;20.55;6.15;7.9;99.24;1.56;84.5;-12.10972;-77.05194;100763.07;17.78
11/08/2020;13:00:00;0;0;35.94;0;23.23;6.31;8.14;99.08;1.47;79.98;-12.10972;-77.05194;100698.32;18.14
11/08/2020;14:00:00;42.63;0;62.05;0;17.15;5.43;8.08;97.26;1.33;82.59;-12.10972;-77.05194;100644.88;17.59
11/08/2020;15:00:00;0.18;0;59.27;0;17.7;5.65;8.09;99.91;1.1;81.92;-12.10972;-77.05194;100537.87;17.53
11/08/2020;16:00:00;0;0;86.9;0;19.23;6.35;7.73;97.45;0.79;85.63;-12.10972;-77.05194;100484.2;16.78
11/08/2020;17:00:00;0;0;94.99;0;18.41;6.23;7.5;98.26;0.44;87.08;-12.10972;-77.05194;100487.31;16.22
11/08/2020;18:00:00;0;0;107.94;0;18.46;5.85;7.32;101.85;0.07;87.41;-12.10972;-77.05194;100528.86;15.88
11/08/2020;19:00:00;0;0;110.4;0;22.2;6.41;7.27;92.63;0;87.97;-12.10972;-77.05194;100546.88;15.41
11/08/2020;20:00:00;1.62;0;112.49;0;24.3;7.53;7.29;100.53;0;89.18;-12.10972;-77.05194;100587.21;15.37
11/08/2020;21:00:00;0;0;106.04;0;25.57;8.83;7.26;88.16;0;88.55;-12.10972;-77.05194;100649.65;15.38
11/08/2020;22:00:00;8.72;0;104.63;0;25.04;9.16;7.28;92.65;0;90.68;-12.10972;-77.05194;100671.61;15.3
11/08/2020;23:00:00;0;0;114.64;0;83.18;26.65;7.28;80.28;0;90.88;-12.10972;-77.05194;100699.83;15.49
12/08/2020;00:00:00;0;0;100.68;0;55.7;24.82;7.25;85.15;0;91.16;-12.10972;-77.05194;100688.56;15.38
12/08/2020;01:00:00;0;0;101.56;0;44.52;24.67;7.25;88.71;0;90.64;-12.10972;-77.05194;100645.38;15.41
12/08/2020;02:00:00;0;0;98.44;0;64.53;20.79;7.24;78.46;0;91.5;-12.10972;-77.05194;100582.41;15.35
12/08/2020;03:00:00;0;0;92.32;0;79.65;19.82;7.22;82.08;0;92.95;-12.10972;-77.05194;100556.22;15.16
12/08/2020;04:00:00;0;0;90.79;0;46.96;16.33;7.22;86.68;0;92.55;-12.10972;-77.05194;100541.68;15.24
12/08/2020;05:00:00;0;0;91.2;0;69.13;21.03;7.23;77.19;0;92.42;-12.10972;-77.05194;100576.87;15.22
12/08/2020;06:00:00;0;0;94.28;0;84.48;24.71;7.21;88.42;0;93.69;-12.10972;-77.05194;100613.46;15
12/08/2020;07:00:00;0;0;103.46;0;85.68;24.72;7.23;97.7;0;93.9;-12.10972;-77.05194;100650.93;14.93
12/08/2020;08:00:00;13.59;0;102.88;0;54.29;18.69;7.3;94.36;0.09;92.54;-12.10972;-77.05194;100700.16;15.22
12/08/2020;09:00:00;30.35;0;102.9;0;28.75;11.09;7.35;95.75;0.31;90.46;-12.10972;-77.05194;100778.96;15.8
12/08/2020;10:00:00;3.02;0;91.98;0;27.54;10.15;7.47;97.44;0.55;88.15;-12.10972;-77.05194;100821.13;16.25
12/08/2020;11:00:00;0;0;65.39;0;15.14;5.67;7.82;100;1.18;83.82;-12.10972;-77.05194;100786.16;16.95
12/08/2020;12:00:00;0;0;26.8;0;13.2;4.72;8.41;99.39;2.67;78.39;-12.10972;-77.05194;100735.1;18.21
12/08/2020;13:00:00;0;0;2.91;5.03;7.67;3.62;8.61;99.18;4.1;76.3;-12.10972;-77.05194;100661.71;18.57
12/08/2020;14:00:00;0;0;27.11;4.08;10.03;5.05;8.21;98.22;2.93;78.78;-12.10972;-77.05194;100549.7;18.01
12/08/2020;15:00:00;0;0;44.75;0.05;12.26;5.03;8.23;100.97;1.42;76.54;-12.10972;-77.05194;100477.05;19.02
12/08/2020;16:00:00;0;0;60.55;0;16.36;5.77;8.19;97.06;0.6;76.9;-12.10972;-77.05194;100447.25;18.68
12/08/2020;17:00:00;0;0;91.45;0;22.96;5.99;8.03;101.36;0.23;78.9;-12.10972;-77.05194;100418.76;18.03
12/08/2020;18:00:00;0;0;136.33;0;51.5;10.83;7.44;97.08;0.03;87.9;-12.10972;-77.05194;100432.14;16.2
12/08/2020;19:00:00;0;0;154.56;0;116.69;19.56;7.25;101.63;0;91.69;-12.10972;-77.05194;100462.69;15.45
12/08/2020;20:00:00;5.31;0;143.35;0;81.51;16.36;7.25;100.3;0;92.48;-12.10972;-77.05194;100519.03;15.25
12/08/2020;21:00:00;0;0;130.41;0;89.77;17.6;7.26;99.42;0;93;-12.10972;-77.05194;100588.19;15.14
12/08/2020;22:00:00;0;0;111.48;0;109.13;20.3;7.25;92.63;0;93.94;-12.10972;-77.05194;100663.27;15.18
12/08/2020;23:00:00;0;0;96.74;0;109.85;20.69;7.21;89.71;0;93.28;-12.10972;-77.05194;100709.22;15.23
13/08/2020;00:00:00;0;0;90.69;0;131.4;23.35;7.21;84.97;0;93.17;-12.10972;-77.05194;100682.99;15.15
13/08/2020;01:00:00;0;0;89.78;0;179.67;32.91;7.2;79.94;0;93.95;-12.10972;-77.05194;100613.46;15.01
13/08/2020;02:00:00;0;0;86.56;0;150.44;28.1;7.2;81.53;0;93.99;-12.10972;-77.05194;100565.15;14.9
13/08/2020;03:00:00;0;0;86.12;0;113.19;22.85;7.19;81.53;0;94.4;-12.10972;-77.05194;100555.09;14.85
13/08/2020;04:00:00;0;0;86.16;0;109.66;24.21;7.2;83.29;0;94.79;-12.10972;-77.05194;100543.52;14.77
13/08/2020;05:00:00;0;0;89.35;0;142.8;29.96;7.19;75.61;0;95.02;-12.10972;-77.05194;100572.34;14.81
13/08/2020;06:00:00;0;0;87.7;0;64.8;17.1;7.2;94.56;0;95.33;-12.10972;-77.05194;100628.69;14.73
13/08/2020;07:00:00;0;0;94.02;0;58.61;15.54;7.21;93.43;0;95.16;-12.10972;-77.05194;100680.3;14.78
13/08/2020;08:00:00;37.36;0;111.66;0;49.34;13.78;7.32;94.76;0.05;94.72;-12.10972;-77.05194;100712.33;15
13/08/2020;09:00:00;1.38;0;95.35;0;69.69;17.79;7.27;99.57;0.23;94.41;-12.10972;-77.05194;100734.28;15.06
13/08/2020;10:00:00;0;0;81.63;0;59.85;15.45;7.35;99.82;0.61;90.67;-12.10972;-77.05194;100732.19;15.73
13/08/2020;11:00:00;0;0;66.17;0;41.87;11.03;7.71;99.76;1.1;86.13;-12.10972;-77.05194;100714.75;16.84
13/08/2020;12:00:00;0;0;38.45;0;27.88;8.16;8.24;99.7;1.7;78.95;-12.10972;-77.05194;100646.28;18.56
13/08/2020;13:00:00;0;0;17.81;0;32.36;8.9;8.46;98.94;2.76;72.63;-12.10972;-77.05194;100584.84;19.93
13/08/2020;14:00:00;0;0;7.78;1;25.53;7.54;8.49;104.3;2.68;69.46;-12.10972;-77.05194;100530.8;20.3
13/08/2020;15:00:00;0;0;41.96;0;36.21;10.21;8.13;103.73;1.41;75.1;-12.10972;-77.05194;100451.46;18.75
13/08/2020;16:00:00;0;0;82.13;0;33.04;9.31;7.92;102.12;0.64;80.84;-12.10972;-77.05194;100430.15;17.39
13/08/2020;17:00:00;0;0;115.55;0;66.79;15.1;7.72;102.71;0.37;83.95;-12.10972;-77.05194;100427.86;17.07
13/08/2020;18:00:00;3.28;0;137.04;0;99.97;22.18;7.3;100.52;0.05;89.3;-12.10972;-77.05194;100452.37;16.15
13/08/2020;19:00:00;0;0;135.67;0;148.11;31.81;7.16;100.62;0;91.35;-12.10972;-77.05194;100502.44;15.61
13/08/2020;20:00:00;0;0;128.47;0;158.96;34.5;7.2;98.28;0;92.17;-12.10972;-77.05194;100552.33;15.45
13/08/2020;21:00:00;0;0;117.59;0;145.01;33.74;7.21;99.23;0;92.82;-12.10972;-77.05194;100604.45;15.32
13/08/2020;22:00:00;0;0;107.24;0;120.48;27.72;7.2;102.19;0;93.26;-12.10972;-77.05194;100654.43;15.23
13/08/2020;23:00:00;0;0;98.92;0;147.89;29.82;7.19;83.5;0;93.84;-12.10972;-77.05194;100653.83;15.25
14/08/2020;00:00:00;0;0;93.79;0;150.92;30.46;7.19;82.8;0;94.52;-12.10972;-77.05194;100635.71;15.15
14/08/2020;01:00:00;0;0;88.03;0;103.36;22;7.19;76.56;0;94.54;-12.10972;-77.05194;100621.1;15.04
14/08/2020;02:00:00;0;0;85.55;0;72.58;19.43;7.2;75.33;0;94.23;-12.10972;-77.05194;100591.86;15.03
14/08/2020;03:00:00;0;0;89.21;0;78.74;21.9;7.21;75.32;0;93.67;-12.10972;-77.05194;100570.54;15.11
14/08/2020;04:00:00;0;0;85.81;0;86.35;22.51;7.21;74.3;0;93.88;-12.10972;-77.05194;100545.85;15.1
14/08/2020;05:00:00;0;0;85.33;0;65.16;16.97;7.2;67.9;0;93.3;-12.10972;-77.05194;100580.22;15.07
14/08/2020;06:00:00;0;0;90.63;0;98.6;23.09;7.2;92.14;0;93.26;-12.10972;-77.05194;100643.02;15.08
14/08/2020;07:00:00;0.07;0;104.31;0;74.05;19.28;7.23;95.69;0;93.15;-12.10972;-77.05194;100713.77;15.01
14/08/2020;08:00:00;0;0;110.06;0;98.48;27.17;7.26;102.93;0.03;94.72;-12.10972;-77.05194;100767.89;14.95
14/08/2020;09:00:00;3.39;0;111.99;0;107.57;30.09;7.32;101.8;0.17;93.84;-12.10972;-77.05194;100820.5;15.36
14/08/2020;10:00:00;0.81;0;99.88;0;68.43;18.32;7.36;98.5;0.36;91.56;-12.10972;-77.05194;100867.38;15.85
14/08/2020;11:00:00;0;0;84.81;0;58.51;15.19;7.6;97.75;0.8;87.64;-12.10972;-77.05194;100810.51;16.84
14/08/2020;12:00:00;0.1;0;60.99;0;40.61;11.99;7.94;99.51;1.36;82.56;-12.10972;-77.05194;100741.45;17.8
14/08/2020;13:00:00;0;0;18.6;0.04;29.73;9.17;8.42;100.3;2.95;73;-12.10972;-77.05194;100669.99;19.7
14/08/2020;14:00:00;0;0;12.97;1.71;27.05;8.51;8.22;102.57;2.96;74.7;-12.10972;-77.05194;100583;18.69
14/08/2020;15:00:00;0;0;47.79;0.22;27.4;9.64;8.06;102.48;1.45;76.91;-12.10972;-77.05194;100506.68;18.34
14/08/2020;16:00:00;0;0;84.63;0;25.52;8.92;7.85;100.6;0.78;81.76;-12.10972;-77.05194;100491.98;16.97
14/08/2020;17:00:00;0;0;118.67;0;35.78;10.24;7.6;101.12;0.37;84.85;-12.10972;-77.05194;100507.53;16.62
14/08/2020;18:00:00;0;0;132.17;0;58.29;16.63;7.3;101.99;0.04;88.69;-12.10972;-77.05194;100516.25;16.02
14/08/2020;19:00:00;4.41;0;133.93;0;44.24;17.92;7.16;94.62;0;89.83;-12.10972;-77.05194;100546.87;15.68
14/08/2020;20:00:00;0;0;126.39;0;61.24;21.79;7.15;94.72;0;91.45;-12.10972;-77.05194;100577.05;15.41
14/08/2020;21:00:00;18.24;0;123.51;0;99.9;29.55;7.21;98.08;0;91.68;-12.10972;-77.05194;100612.12;15.66
14/08/2020;22:00:00;0;0;110.54;0;93.92;32.71;7.15;95.92;0;91.65;-12.10972;-77.05194;100656.57;15.67
14/08/2020;23:00:00;0;0;97.5;0;63.41;30;7.13;75.31;0;92.4;-12.10972;-77.05194;100661.09;15.29
15/08/2020;00:00:00;0;0;88.97;0;41.41;18.21;7.17;79.28;0;92.59;-12.10972;-77.05194;100657.14;15.08
15/08/2020;01:00:00;0;0;88.7;0;44.19;19.4;7.18;77.62;0;92.86;-12.10972;-77.05194;100590.21;15
15/08/2020;02:00:00;0;0;89.5;0;61.05;24.45;7.2;67.14;0;92.96;-12.10972;-77.05194;100542.06;15.09
15/08/2020;03:00:00;0;0;85.03;0;52.91;18.2;7.2;68.92;0;92.61;-12.10972;-77.05194;100515.97;15.01
15/08/2020;04:00:00;0;0;83.56;0;36.09;14.53;7.22;77.09;0;92.95;-12.10972;-77.05194;100523.52;14.93
15/08/2020;05:00:00;0;0;85.08;0;60.71;18.54;7.21;77.45;0;92.84;-12.10972;-77.05194;100522.9;15.12
15/08/2020;06:00:00;0;0;91.64;0;75.76;20.05;7.21;87.16;0;93.21;-12.10972;-77.05194;100549.79;15.23
15/08/2020;07:00:00;0;0;105.15;0;72.98;19.06;7.23;93.48;0;94.35;-12.10972;-77.05194;100605.96;15.1
15/08/2020;08:00:00;0;0;108.01;0;61.47;17.29;7.27;95.7;0.07;94.09;-12.10972;-77.05194;100663.6;15.25
15/08/2020;09:00:00;10.35;0;99.75;0;58.24;16.13;7.27;96.46;0.19;93.11;-12.10972;-77.05194;100725.77;15.56
15/08/2020;10:00:00;0;0;98.02;0;48.92;14.88;7.29;98.73;0.26;91.38;-12.10972;-77.05194;100764.33;15.87
15/08/2020;11:00:00;38.02;0;105.88;0;37.91;16.64;7.58;99.59;0.56;86.05;-12.10972;-77.05194;100767.79;16.63
15/08/2020;12:00:00;99.25;0;90.5;0;33.56;10.46;7.76;97.88;0.82;82.87;-12.10972;-77.05194;100727.63;17.55
15/08/2020;13:00:00;7.74;0;80.36;0;38.38;10.45;7.8;102.06;1.11;83.53;-12.10972;-77.05194;100644.83;17.67
15/08/2020;14:00:00;0;0;68.22;0;32.75;9.92;7.99;103.89;1.56;83.22;-12.10972;-77.05194;100570.47;18.03
15/08/2020;15:00:00;0;0;51.5;0;32.94;9.72;8.06;99.07;1.25;79.68;-12.10972;-77.05194;100520.75;18.87
15/08/2020;16:00:00;0;0;82.02;0;36.73;10.21;7.76;100.52;0.8;87.97;-12.10972;-77.05194;100522.83;16.53
15/08/2020;17:00:00;0;0;103.16;0;34.05;11.63;7.54;100.46;0.33;89.14;-12.10972;-77.05194;100543.08;16.58
15/08/2020;18:00:00;0;0;119.23;0;79.15;23.31;7.2;104.65;0.02;93.68;-12.10972;-77.05194;100566.61;15.7
15/08/2020;19:00:00;0;0;121.65;0;97.83;25.15;7.19;102.35;0;95.05;-12.10972;-77.05194;100578.37;15.51
15/08/2020;20:00:00;0;0;121.47;0;138.24;38.27;7.23;95.25;0;94.37;-12.10972;-77.05194;100601.52;15.66
15/08/2020;21:00:00;0;0;111.16;0;114.38;32.35;7.18;102.39;0;93.42;-12.10972;-77.05194;100628.76;15.63
15/08/2020;22:00:00;0;0;104.92;0;98.48;30.4;7.17;101.61;0;93.72;-12.10972;-77.05194;100667.13;15.39
15/08/2020;23:00:00;0;0;94.94;0;94.34;32.01;7.15;95.3;0;92.81;-12.10972;-77.05194;100719.29;15.42
16/08/2020;00:00:00;0;0;85.38;0;47.48;17.42;7.17;77.73;0;93.18;-12.10972;-77.05194;100718.24;15.11
16/08/2020;01:00:00;0;0;83.9;0;38.58;15.6;7.17;87.15;0;92.97;-12.10972;-77.05194;100708.74;14.85
16/08/2020;02:00:00;0;0;85.38;0;43.98;14.88;7.16;75.22;0;93.72;-12.10972;-77.05194;100699.58;14.71
16/08/2020;03:00:00;0;0;86.31;0;42.17;17.09;7.17;74.62;0;93.77;-12.10972;-77.05194;100707.87;14.81
16/08/2020;04:00:00;0;0;85.02;0;32.8;10.37;7.15;65.18;0;94.65;-12.10972;-77.05194;100704.27;14.71
16/08/2020;05:00:00;0;0;87.47;0;48.62;14.01;7.16;65.41;0;95.29;-12.10972;-77.05194;100722.6;14.82
16/08/2020;06:00:00;0;0;89.07;0;59.88;15.64;7.17;68.3;0;96.39;-12.10972;-77.05194;100764.46;14.89
16/08/2020;07:00:00;0;0;92.43;0;66.29;18.61;7.19;76.24;0;96.8;-12.10972;-77.05194;100816.52;14.78
16/08/2020;08:00:00;0;0;88.22;0;48.45;14.67;7.24;83.39;0.07;94.41;-12.10972;-77.05194;100870.9;15.2
16/08/2020;09:00:00;0;0;89.04;0;40.24;12.19;7.23;86.34;0.21;93.28;-12.10972;-77.05194;100910.5;15.69
16/08/2020;10:00:00;0;0;89.45;0;15.77;6.8;7.28;92.18;0.55;89.87;-12.10972;-77.05194;100922.98;16.07
16/08/2020;11:00:00;0;0;68.44;0;30.84;8.8;7.55;85.88;0.75;85.85;-12.10972;-77.05194;100899.71;17.25
16/08/2020;12:00:00;0;0;63.44;0;33.3;9.44;7.7;87.67;0.85;83.54;-12.10972;-77.05194;100871.38;17.8
16/08/2020;13:00:00;0;0;50.89;0.2;28.77;9.06;8.06;87.03;1.29;79.24;-12.10972;-77.05194;100807.71;19.02
16/08/2020;14:00:00;0;0;35.24;0.13;21.92;6.75;8.27;94.45;1.47;75.27;-12.10972;-77.05194;100729.36;19.64
16/08/2020;15:00:00;0;0;40.27;1.67;22.46;7.62;7.92;96.74;1.28;84.73;-12.10972;-77.05194;100649.28;17.17
16/08/2020;16:00:00;0;0;78.39;0.03;21.42;6.96;7.54;92.07;0.74;90.38;-12.10972;-77.05194;100632.56;16.14
16/08/2020;17:00:00;0;0;65.86;0;22.87;5.94;7.79;85.48;0.32;85.78;-12.10972;-77.05194;100611.65;17.59
16/08/2020;18:00:00;0;0;98.23;0;45.29;9.16;7.4;90.79;0.1;89.19;-12.10972;-77.05194;100612.01;16.49
16/08/2020;19:00:00;0;0;113.81;0;90.6;19.04;7.13;98.62;0;93.4;-12.10972;-77.05194;100667.4;15.69
16/08/2020;20:00:00;0;0;107.71;0;114.78;25.97;7.13;91.85;0;93.79;-12.10972;-77.05194;100767.1;15.65
16/08/2020;21:00:00;0;0;100.66;0;114.39;26.22;7.15;93.83;0;93.51;-12.10972;-77.05194;100825.27;15.69
16/08/2020;22:00:00;0;0;94.56;0;85.47;21.43;7.15;98.22;0;92.9;-12.10972;-77.05194;100865.02;15.7
16/08/2020;23:00:00;0;0;89.74;0;97.86;24.97;7.15;84.27;0;92.98;-12.10972;-77.05194;100892.13;15.62
17/08/2020;00:00:00;0;0;87.92;0;76.06;23.21;7.13;89.49;0;93.44;-12.10972;-77.05194;100917.14;15.43
17/08/2020;01:00:00;0;0;86.63;0;61.83;15.02;7.14;81.81;0;94.71;-12.10972;-77.05194;100900.8;15.16
17/08/2020;02:00:00;0;0;84.27;0;53.95;14.72;7.14;82.43;0;94.09;-12.10972;-77.05194;100867.76;15
17/08/2020;03:00:00;0;0;84.95;0;75.31;16.87;7.14;89.35;0;94.17;-12.10972;-77.05194;100845.83;14.96
17/08/2020;04:00:00;0;0;84.29;0;75.45;15.51;7.15;82.22;0;95.13;-12.10972;-77.05194;100824.46;14.8
17/08/2020;05:00:00;0;0;85.38;0;38.26;11.09;7.16;76.48;0;95.16;-12.10972;-77.05194;100837.04;14.88
17/08/2020;06:00:00;0;0;89.14;0;59.64;14.03;7.16;92.04;0;95.58;-12.10972;-77.05194;100853.65;14.78
17/08/2020;07:00:00;0;0;104.94;0;42.7;10.79;7.18;98.05;0;96.75;-12.10972;-77.05194;100891.94;14.76
17/08/2020;08:00:00;0;0;105.61;0;32.89;8.85;7.21;96.51;0.07;97.73;-12.10972;-77.05194;100938.97;14.83
17/08/2020;09:00:00;0;0;92.7;0;24.7;7.9;7.22;98.17;0.28;96.79;-12.10972;-77.05194;100975.65;15.01
17/08/2020;10:00:00;0;0;69.22;0;21.94;6.84;7.41;97.84;0.75;92.95;-12.10972;-77.05194;101010.83;15.73
17/08/2020;11:00:00;0;0;72.33;0;29.65;8.75;7.64;100.98;1.07;90.62;-12.10972;-77.05194;101011.41;16.71
17/08/2020;12:00:00;0;0;47.62;0;16.67;4.98;8.08;102.27;1.73;81.39;-12.10972;-77.05194;100976.11;18.24
17/08/2020;13:00:00;0;0;47.89;0;12.96;4.51;8.05;103.8;1.87;82.18;-12.10972;-77.05194;100932.44;17.55
17/08/2020;14:00:00;0;0;50.33;0;17.75;6.08;8.09;99.98;1.91;82.95;-12.10972;-77.05194;100869.42;17.57
17/08/2020;15:00:00;0;0;74.66;0;21.92;6.82;7.86;103.05;1.31;87.71;-12.10972;-77.05194;100824.76;16.66
17/08/2020;16:00:00;0;0;99.89;0;28.47;8.48;7.66;96.84;0.74;90.41;-12.10972;-77.05194;100792.84;16.43
17/08/2020;17:00:00;0;0;113.64;0;50.08;12.49;7.41;100.41;0.2;90.97;-12.10972;-77.05194;100821.78;16.23
17/08/2020;18:00:00;0;0;127.35;0;79.87;20.25;7.18;95.92;0.01;91.47;-12.10972;-77.05194;100845.79;15.86
17/08/2020;19:00:00;8.12;0;124.59;0;83.45;16.78;7.23;101.25;0;91.58;-12.10972;-77.05194;100854.19;15.58
17/08/2020;20:00:00;0;0;112.35;0;96.76;19.74;7.21;102.27;0;93.12;-12.10972;-77.05194;100926.63;15.41
17/08/2020;21:00:00;0;0;110.57;0;98.5;22.43;7.23;97.28;0;94.5;-12.10972;-77.05194;100984.62;15.41
17/08/2020;22:00:00;0;0;103.51;0;105.95;23.91;7.19;93.1;0;93.91;-12.10972;-77.05194;101020.14;15.45
17/08/2020;23:00:00;0;0;91.84;0;85.99;18.91;7.15;87.79;0;95.01;-12.10972;-77.05194;101056.85;15.32
18/08/2020;00:00:00;0;0;88.02;0;71.72;16.76;7.13;85.83;0;95.15;-12.10972;-77.05194;101075.38;15.06
18/08/2020;01:00:00;0;0;88.71;0;93.93;20.19;7.12;84.4;0;96.16;-12.10972;-77.05194;101063.65;14.89
18/08/2020;02:00:00;0;0;87.4;0;93.31;20.12;7.13;73.41;0;96.38;-12.10972;-77.05194;101021.28;14.9
18/08/2020;03:00:00;0;0;85.81;0;59.73;12.57;7.13;77.53;0;96.98;-12.10972;-77.05194;100999.95;14.85
18/08/2020;04:00:00;0;0;86.54;0;40.17;9.93;7.12;74.43;0;98.31;-12.10972;-77.05194;100979.38;14.66
18/08/2020;05:00:00;0;0;86.76;0;32.41;9.85;7.13;75.04;0;99.19;-12.10972;-77.05194;100973.47;14.49
18/08/2020;06:00:00;0;0;88.76;0;29.13;9.04;7.15;91.63;0;98.32;-12.10972;-77.05194;100994.65;14.62
18/08/2020;07:00:00;0;0;102.41;0;42.76;11;7.19;97.75;0;97.61;-12.10972;-77.05194;101056.81;14.85
18/08/2020;08:00:00;0;0;103.69;0;49.61;14.63;7.22;94.8;0.07;96.84;-12.10972;-77.05194;101119.17;14.96
18/08/2020;09:00:00;0;0;98.47;0;47.66;12.2;7.19;99.24;0.28;97.56;-12.10972;-77.05194;101169.56;15.13
18/08/2020;10:00:00;0;0;89.18;0;40.5;10.59;7.22;96.12;0.48;98.58;-12.10972;-77.05194;101175.6;15.17
18/08/2020;11:00:00;0;0;81.64;0;25.87;7.98;7.41;95.85;0.59;96.86;-12.10972;-77.05194;101157.98;15.66
18/08/2020;12:00:00;0;0;68.53;0;19.2;6.57;7.5;98.88;0.97;95.06;-12.10972;-77.05194;101095.85;15.6
18/08/2020;13:00:00;12.92;0;70.85;0;29.21;7.32;7.64;102.4;1.13;93.54;-12.10972;-77.05194;101030.28;16.18
18/08/2020;14:00:00;0;0;54.66;0;26.34;6.21;8.02;96.82;1.37;88.89;-12.10972;-77.05194;100935.63;17.21
18/08/2020;15:00:00;0;0;71.52;0;21.65;5.52;7.89;96.98;0.88;87.25;-12.10972;-77.05194;100874.72;17.19
18/08/2020;16:00:00;0;0;98.17;0;53.23;11.04;7.41;103.18;0.45;90.33;-12.10972;-77.05194;100847.48;16.33
18/08/2020;17:00:00;0;0;108.42;0;50.96;10.39;7.26;100.61;0.2;90.92;-12.10972;-77.05194;100866.54;16.07
18/08/2020;18:00:00;0;0;115.37;0;91.71;17.31;7.21;103.07;0;94.52;-12.10972;-77.05194;100875.19;15.3
18/08/2020;19:00:00;0.35;0;126.36;0;99.46;19.65;7.24;100.31;0;94.66;-12.10972;-77.05194;100891.61;15.31
18/08/2020;20:00:00;0;0;119.25;0;92.08;19.34;7.25;101.27;0;94.9;-12.10972;-77.05194;100953.27;15.38
18/08/2020;21:00:00;0;0;110.05;0;97.05;20.51;7.21;96.43;0;95.67;-12.10972;-77.05194;100998.72;15.22
18/08/2020;22:00:00;0;0;97.15;0;145.51;26.58;7.18;100.11;0;94.41;-12.10972;-77.05194;101030.83;15.2
18/08/2020;23:00:00;0;0;86.51;0;166.88;30.22;7.14;86.16;0;93.79;-12.10972;-77.05194;101028.79;15.18
19/08/2020;00:00:00;0;0;84.15;0;115.36;22.96;7.14;95.1;0;93.95;-12.10972;-77.05194;101010.43;15.09
19/08/2020;01:00:00;0;0;82.35;0;81.79;18.39;7.15;79.17;0;94.17;-12.10972;-77.05194;100965.65;15.02
19/08/2020;02:00:00;0;0;81.54;0;50.01;14.46;7.14;75.93;0;93.99;-12.10972;-77.05194;100909.36;14.84
19/08/2020;03:00:00;0;0;81.72;0;69.83;18.92;7.15;75.45;0;94.08;-12.10972;-77.05194;100877.39;14.83
19/08/2020;04:00:00;0;0;83.16;0;81.4;21.64;7.14;75.59;0;94.17;-12.10972;-77.05194;100833.57;14.82
19/08/2020;05:00:00;0;0;88.54;0;78.11;20.69;7.15;85.27;0;94.35;-12.10972;-77.05194;100830.23;14.81
19/08/2020;06:00:00;0;0;96.62;0;70.15;18.48;7.17;93.11;0;95.09;-12.10972;-77.05194;100837.84;14.8
19/08/2020;07:00:00;0;0;109.65;0;69.39;18.77;7.21;96.1;0;95.76;-12.10972;-77.05194;100850.6;14.79
19/08/2020;08:00:00;0;0;96.91;0;38.03;11.98;7.18;96.67;0.08;96.26;-12.10972;-77.05194;100877.61;14.71
19/08/2020;09:00:00;2.18;0;97.09;0;33.98;10.92;7.24;94.89;0.25;95.34;-12.10972;-77.05194;100919.73;15.08
19/08/2020;10:00:00;0;0;89.29;0;38.59;12.53;7.26;100.8;0.46;94.17;-12.10972;-77.05194;100967.38;15.39
19/08/2020;11:00:00;0;0;83.09;0;32.64;11.36;7.34;100.15;0.65;92.38;-12.10972;-77.05194;100978.25;15.62
19/08/2020;12:00:00;0;0;70.35;0;25.88;9.55;7.59;101.93;1.16;88.98;-12.10972;-77.05194;100898.74;16.23
19/08/2020;13:00:00;0;0;60.5;0;23.09;7.66;7.76;102.18;1.46;90.21;-12.10972;-77.05194;100831.55;16.27
19/08/2020;14:00:00;0;0;62.43;0;25.34;8.37;7.77;96.59;1.2;90.19;-12.10972;-77.05194;100771.51;16.12
19/08/2020;15:00:00;0;0;77.01;0;48.77;17.26;7.8;101.02;0.94;87.99;-12.10972;-77.05194;100718.64;16.84
19/08/2020;16:00:00;0;0;104.77;0;55.83;19.66;7.58;101.25;0.48;88.05;-12.10972;-77.05194;100696.34;16.7
19/08/2020;17:00:00;0;0;109.51;0;88.08;19.79;7.23;104.94;0.16;91.81;-12.10972;-77.05194;100715.83;15.78
19/08/2020;18:00:00;0;0;125.05;0;147.15;29.48;7.23;104.69;0;93.81;-12.10972;-77.05194;100786.07;15.55
19/08/2020;19:00:00;0.95;0;124.62;0;144.95;29.65;7.25;103.26;0;94.26;-12.10972;-77.05194;100850.01;15.4
19/08/2020;20:00:00;1.54;0;120.13;0;151.68;28.59;7.25;97.42;0;94.29;-12.10972;-77.05194;100905.67;15.34
19/08/2020;21:00:00;0;0;108.05;0;151.52;28.9;7.21;95.85;0;94.07;-12.10972;-77.05194;100974.54;15.29
19/08/2020;22:00:00;0;0;95.71;0;159.39;31.43;7.19;100.96;0;93.98;-12.10972;-77.05194;101012.61;15.22
19/08/2020;23:00:00;0;0;85.78;0;90.88;20.66;7.17;78.77;0;94.04;-12.10972;-77.05194;101035.28;15.17
20/08/2020;00:00:00;0;0;82.9;0;60.17;16.54;7.17;75.31;0;93.94;-12.10972;-77.05194;101023.93;15.06
20/08/2020;01:00:00;0;0;82.69;0;57.14;16.75;7.16;75.87;0;93;-12.10972;-77.05194;101002.64;15.03
20/08/2020;02:00:00;0;0;84.43;0;96.5;22.9;7.14;68.08;0;94.22;-12.10972;-77.05194;100941.04;14.88
20/08/2020;03:00:00;0;0;84.14;0;102.09;23.77;7.14;79.7;0;94.39;-12.10972;-77.05194;100913.39;14.88
20/08/2020;04:00:00;0;0;84.16;0;77.05;20.4;7.16;75.79;0;93.93;-12.10972;-77.05194;100884.32;14.85
20/08/2020;05:00:00;0;0;86.45;0;92.32;24.12;7.16;68.85;0;93.84;-12.10972;-77.05194;100881.07;14.94
20/08/2020;06:00:00;0;0;104.62;0;61.98;18.51;7.17;93.27;0;94.49;-12.10972;-77.05194;100893.8;14.82
20/08/2020;07:00:00;49.01;0.05;128.84;0;75.98;21.39;7.31;99.52;0;94.21;-12.10972;-77.05194;100906.02;15.02
20/08/2020;08:00:00;150.35;0.24;140.73;0;67.91;20.76;7.46;97.02;0.07;93.28;-12.10972;-77.05194;100908.14;15.42
20/08/2020;09:00:00;205.2;3.89;113.55;0;40.89;13.1;7.44;102.66;0.43;89.7;-12.10972;-77.05194;100931.87;16.06
20/08/2020;10:00:00;3.04;0;70.47;0;35.74;11.37;7.73;101.13;1.18;82.71;-12.10972;-77.05194;100958.54;17.52
20/08/2020;11:00:00;0;0;44.13;0;34.69;11.21;8.05;101.11;3.15;83.24;-12.10972;-77.05194;100949.57;17.58
20/08/2020;12:00:00;0;0;12.15;0.29;31.53;9.3;8.31;105.68;4.64;78.74;-12.10972;-77.05194;100893.93;18.47
20/08/2020;13:00:00;0;0;22.06;0.25;27.77;8.66;8.23;100.86;4.01;78.8;-12.10972;-77.05194;100834.68;18.27
20/08/2020;14:00:00;0;0;50.71;0.59;33.12;10.26;8.17;100.46;2.31;81.11;-12.10972;-77.05194;100784.05;18.01
20/08/2020;15:00:00;0;0;68.82;0;29.59;10.04;8.02;97.34;1.41;82.63;-12.10972;-77.05194;100688.99;17.64
20/08/2020;16:00:00;0;0;79.37;0.04;29.65;9.74;8.01;97.18;0.81;83.29;-12.10972;-77.05194;100643.43;17.52
20/08/2020;17:00:00;0;0;122.41;0;42.18;14.53;7.61;101.23;0.41;88.01;-12.10972;-77.05194;100652.43;16.75
20/08/2020;18:00:00;0;0;135.49;0;72.81;24.32;7.24;105.8;0.04;90.08;-12.10972;-77.05194;100688.85;16.19
20/08/2020;19:00:00;0;0;129.53;0;94.33;26.93;7.1;104.08;0;93.04;-12.10972;-77.05194;100728.67;15.51
20/08/2020;20:00:00;0;0;113.44;0;106.65;27.37;7.15;104.47;0;93.86;-12.10972;-77.05194;100745.66;15.31
20/08/2020;21:00:00;0;0;102.8;0;98.88;24.5;7.17;101.82;0;93.85;-12.10972;-77.05194;100783.29;15.24
20/08/2020;22:00:00;0;0;96.7;0;100.07;24.89;7.16;100.4;0;94.52;-12.10972;-77.05194;100806.27;15.17
20/08/2020;23:00:00;0;0;88.76;0;100.14;23.63;7.14;91.19;0;94.62;-12.10972;-77.05194;100822.58;15.16
21/08/2020;00:00:00;0;0;82.4;0;105.39;22.43;7.15;87.21;0;95.16;-12.10972;-77.05194;100814.44;14.94
21/08/2020;01:00:00;0;0;77;0;64.13;14.88;7.17;73.72;0;94.54;-12.10972;-77.05194;100769.05;14.86
21/08/2020;02:00:00;0;0;74.6;0;36.6;11.99;7.16;67.5;0;93.89;-12.10972;-77.05194;100732.64;14.83
21/08/2020;03:00:00;0;0;76.68;0;46.34;13.73;7.16;69.51;0;94.17;-12.10972;-77.05194;100693.82;14.75
21/08/2020;04:00:00;0;0;77.36;0;64.9;18.43;7.17;77.75;0;93.64;-12.10972;-77.05194;100681.72;14.94
21/08/2020;05:00:00;0;0;77.98;0;54.22;15.5;7.17;76.56;0;93.6;-12.10972;-77.05194;100702.26;14.94
21/08/2020;06:00:00;0;0;85.44;0;65.13;19.37;7.19;94.49;0;93.95;-12.10972;-77.05194;100718.34;14.97
21/08/2020;07:00:00;1.87;0;102.57;0;59.47;19.27;7.24;95.82;0;93.66;-12.10972;-77.05194;100758.27;15.17
21/08/2020;08:00:00;1.93;0;110.05;0;62.77;26.77;7.31;96.4;0.05;93.24;-12.10972;-77.05194;100819.98;15.31
21/08/2020;09:00:00;13.51;0;104.99;0;48.92;20.4;7.36;103.74;0.2;91.71;-12.10972;-77.05194;100874.67;15.73
21/08/2020;10:00:00;281.14;0.64;107.68;0;43.06;19.71;7.56;103.35;0.36;88.67;-12.10972;-77.05194;100911.6;16.34
21/08/2020;11:00:00;88.95;0;98.43;0;35.76;12.42;7.58;96.13;0.49;87.4;-12.10972;-77.05194;100914.49;16.7
21/08/2020;12:00:00;75.79;0;95.31;0;28.75;9.13;7.88;97.93;0.85;83.12;-12.10972;-77.05194;100849.26;17.78
21/08/2020;13:00:00;11.87;0;64.43;0;25.63;7.45;7.97;102.99;1.04;80.36;-12.10972;-77.05194;100789.69;18.26
21/08/2020;14:00:00;0;0;57.92;0;31.88;8.81;7.93;95.27;1.26;80.46;-12.10972;-77.05194;100729.48;18.3
21/08/2020;15:00:00;0;0;58.64;0;42.11;12.06;8.02;101.96;1.13;79.47;-12.10972;-77.05194;100669.73;18.61
21/08/2020;16:00:00;0;0;82.48;0;53.71;13.4;7.72;101.55;0.61;83.83;-12.10972;-77.05194;100645.27;17.53
21/08/2020;17:00:00;0;0;106.14;0;43.4;13.04;7.23;99.33;0.17;92.53;-12.10972;-77.05194;100648.23;15.49
21/08/2020;18:00:00;14;0;108.13;0;40.14;12.38;7.21;102.98;0.07;92.98;-12.10972;-77.05194;100695.82;15.53
21/08/2020;19:00:00;0;0;104.67;0;39.32;11.58;7.2;97.3;0;93.72;-12.10972;-77.05194;100741.64;15.17
21/08/2020;20:00:00;0;0;102.5;0;56.06;13.86;7.22;94.1;0;94.76;-12.10972;-77.05194;100786.79;15.18
21/08/2020;21:00:00;0;0;96.55;0;44.48;12.47;7.2;93.72;0;95.59;-12.10972;-77.05194;100823.22;15.03
21/08/2020;22:00:00;0;0;91.14;0;42.23;12.1;7.2;87.66;0;95.09;-12.10972;-77.05194;100855.23;15.1
21/08/2020;23:00:00;0;0;81.2;0;64.1;14.75;7.19;92.48;0;94.6;-12.10972;-77.05194;100865.84;15.14
22/08/2020;00:00:00;0;0;78.7;0;66.36;15.85;7.18;74.78;0;94.8;-12.10972;-77.05194;100827.16;15.02
22/08/2020;01:00:00;0;0;79.82;0;51.19;15.03;7.18;73.65;0;94.49;-12.10972;-77.05194;100772.11;15
22/08/2020;02:00:00;0;0;82.06;0;91.11;20.72;7.18;72.71;0;95.99;-12.10972;-77.05194;100738.22;14.93
22/08/2020;03:00:00;0;0;83.73;0;78.4;21.38;7.18;75.22;0;96.63;-12.10972;-77.05194;100703.55;14.84
22/08/2020;04:00:00;0;0;85.83;0;88.71;29.9;7.21;74.8;0;97.5;-12.10972;-77.05194;100661.69;14.81
22/08/2020;05:00:00;0;0;82.7;0;64.65;28.82;7.24;74.7;0;97.7;-12.10972;-77.05194;100660.62;14.83
22/08/2020;06:00:00;0;0;81.63;0;37.74;19.29;7.23;94.66;0;96.5;-12.10972;-77.05194;100683.29;14.85
22/08/2020;07:00:00;0;0;91.77;0;34.21;18.21;7.25;92.16;0;96.18;-12.10972;-77.05194;100734.4;14.94
22/08/2020;08:00:00;0;0;92.95;0;30.24;16.2;7.3;94.95;0.05;95.52;-12.10972;-77.05194;100792.39;15.01
22/08/2020;09:00:00;7.35;0;86.48;0;46.83;21.11;7.32;98.54;0.29;93.31;-12.10972;-77.05194;100814.06;15.49
22/08/2020;10:00:00;0;0;80.98;0;26.95;12.24;7.37;95.76;0.44;94.03;-12.10972;-77.05194;100828.06;15.73
22/08/2020;11:00:00;14.29;0;81.17;0;22.18;9.3;7.51;96.01;0.62;93.65;-12.10972;-77.05194;100823.69;16.14
22/08/2020;12:00:00;0;0;59.51;0;22.29;6.71;7.73;97.73;0.92;88.25;-12.10972;-77.05194;100782.6;16.89
22/08/2020;13:00:00;20.11;0;61.35;0;21.47;6.54;7.86;96.21;1.02;88.27;-12.10972;-77.05194;100716.42;16.93
22/08/2020;14:00:00;0;0;68.7;0;25.36;7.73;7.69;100.2;0.76;90.55;-12.10972;-77.05194;100646.6;16.37
22/08/2020;15:00:00;0;0;83.78;0;29.28;8.83;7.44;96.82;0.46;92.18;-12.10972;-77.05194;100588.12;15.93
22/08/2020;16:00:00;0;0;80.57;0;30.19;9.44;7.54;96.79;0.56;90.86;-12.10972;-77.05194;100551.13;16.36
22/08/2020;17:00:00;0;0;86.25;0;27.68;9.23;7.47;99.54;0.31;91.46;-12.10972;-77.05194;100566.91;16.04
22/08/2020;18:00:00;18.19;0;106.78;0;26.71;8.92;7.3;94.72;0.01;93.57;-12.10972;-77.05194;100634.5;15.67
22/08/2020;19:00:00;0;0;111.38;0;44.24;12.38;7.25;102.72;0;95.27;-12.10972;-77.05194;100710.68;15.62
22/08/2020;20:00:00;3.08;0;103.8;0;45.26;14.01;7.26;98.24;0;95.66;-12.10972;-77.05194;100793.36;15.58
22/08/2020;21:00:00;3.54;0;96.75;0;40.96;12.07;7.25;99.31;0;95.44;-12.10972;-77.05194;100851.42;15.54
22/08/2020;22:00:00;0;0;101.36;0;70.87;17.98;7.23;95.87;0;95.78;-12.10972;-77.05194;100866.75;15.43
22/08/2020;23:00:00;0;0;91.37;0;92.33;22.07;7.21;96.33;0;95.44;-12.10972;-77.05194;100881.64;15.33
23/08/2020;00:00:00;0;0;80.45;0;62.78;14.95;7.2;75.97;0;95.35;-12.10972;-77.05194;100861.79;15.31
23/08/2020;01:00:00;16.79;0;80.83;0;85.66;18.54;7.25;69.64;0;95.78;-12.10972;-77.05194;100804.21;15.26
23/08/2020;02:00:00;0;0;78.55;0;99.17;20.88;7.23;82.17;0;96.31;-12.10972;-77.05194;100760.49;15.21
23/08/2020;03:00:00;0;0;77.44;0;90.27;19.72;7.22;74.16;0;96.54;-12.10972;-77.05194;100741.97;15.16
23/08/2020;04:00:00;0;0;76.13;0;46.92;12.86;7.21;75.64;0;96.82;-12.10972;-77.05194;100757.89;15.1
23/08/2020;05:00:00;0;0;78.27;0;64.08;15.41;7.21;78.69;0;97.74;-12.10972;-77.05194;100789.34;15.07
23/08/2020;06:00:00;0;0;77.1;0;55.69;16.58;7.22;72.37;0;97.24;-12.10972;-77.05194;100830.59;15.02
23/08/2020;07:00:00;0;0;78.7;0;56.83;19.67;7.26;90.04;0;96.42;-12.10972;-77.05194;100891.41;15.06
23/08/2020;08:00:00;0;0;81.35;0;57.18;22.5;7.25;78.8;0.05;97.19;-12.10972;-77.05194;100948.07;15
23/08/2020;09:00:00;0;0;80.78;0;57.87;21.13;7.25;82.93;0.34;98.66;-12.10972;-77.05194;100970.97;15.24
23/08/2020;10:00:00;0;0;64.73;0;36.79;15.86;7.47;98.8;0.55;97.39;-12.10972;-77.05194;100971.31;15.96
23/08/2020;11:00:00;0;0;54.42;0;29.66;13.16;7.52;98.67;0.6;93.38;-12.10972;-77.05194;100938.21;16.17
23/08/2020;12:00:00;0;0;51.81;0;24.43;11.6;7.66;92.02;0.85;92.2;-12.10972;-77.05194;100892.84;16.47
23/08/2020;13:00:00;0;0;45.84;0.07;22.13;10.94;7.89;100.78;1.28;90.18;-12.10972;-77.05194;100820.53;17.13
23/08/2020;14:00:00;0;0;29.32;0.87;23.02;9.69;8.18;91.79;1.37;86.19;-12.10972;-77.05194;100743.8;18.04
23/08/2020;15:00:00;0;0;43.43;1.84;18.07;8.24;8.08;93.64;1.24;86.54;-12.10972;-77.05194;100686.95;17.68
23/08/2020;16:00:00;0;0;58.67;0.77;25.79;8.95;7.87;97.33;0.73;85.65;-12.10972;-77.05194;100655.51;17.77
23/08/2020;17:00:00;0;0;91.74;0;49.64;11;7.3;104.55;0.21;89.37;-12.10972;-77.05194;100683.55;16.56
23/08/2020;18:00:00;0;0;95.64;0;43.52;9.67;7.17;99.28;0;90.36;-12.10972;-77.05194;100737.95;16.1
23/08/2020;19:00:00;0;0;94.21;0;52;10.69;7.18;98.14;0;90.19;-12.10972;-77.05194;100793.87;15.85
23/08/2020;20:00:00;0;0;87.58;0;43.72;9.17;7.22;96.49;0;89.19;-12.10972;-77.05194;100855.51;15.84
23/08/2020;21:00:00;0;0;81.09;0;52.76;10.54;7.25;85.8;0;85.68;-12.10972;-77.05194;100876.87;16
23/08/2020;22:00:00;0;0;76.02;0;37.67;8.41;7.24;92.61;0;82.02;-12.10972;-77.05194;100908.22;16.21
23/08/2020;23:00:00;0;0;79.27;0;60.26;12.95;7.23;76.72;0;83.81;-12.10972;-77.05194;100898.09;16.17
24/08/2020;00:00:00;0;0;84.24;0;73.57;15.09;7.22;75.02;0;89.08;-12.10972;-77.05194;100877.75;15.84
24/08/2020;01:00:00;0;0;82.14;0;76.22;14.86;7.18;80.2;0;91.55;-12.10972;-77.05194;100862.86;15.57
24/08/2020;02:00:00;0;0;83.91;0;68.96;14.56;7.16;85.31;0;93.03;-12.10972;-77.05194;100837.05;15.46
24/08/2020;03:00:00;0;0;81.93;0;73.2;15.24;7.2;91.88;0;93.59;-12.10972;-77.05194;100831.08;15.4
24/08/2020;04:00:00;0;0;77.16;0;54.41;12.01;7.22;88.45;0;92.96;-12.10972;-77.05194;100820.6;15.39
24/08/2020;05:00:00;0;0;79.5;0;65.65;13.37;7.22;84.2;0;92.4;-12.10972;-77.05194;100816.26;15.4
24/08/2020;06:00:00;0;0;87.77;0;87.74;16.37;7.22;84.42;0;94.87;-12.10972;-77.05194;100852.76;15.32
24/08/2020;07:00:00;15.73;0;103.91;0;61.32;13.74;7.3;99.04;0;95.47;-12.10972;-77.05194;100947.2;15.4
24/08/2020;08:00:00;47.54;0;123.43;0;25.46;8.8;7.47;97.64;0.1;92.31;-12.10972;-77.05194;100993.68;15.95
24/08/2020;09:00:00;9.81;0;94.29;0;37.15;10.73;7.47;97.05;0.49;91.94;-12.10972;-77.05194;101035.81;16.38
24/08/2020;10:00:00;0;0;55.83;0;32.04;9.58;8.04;97.99;1.62;88.78;-12.10972;-77.05194;101024.66;17.31
24/08/2020;11:00:00;0;0;28.82;0.06;22.79;7.98;8.39;99.93;4.1;86.77;-12.10972;-77.05194;100947.47;17.74
24/08/2020;12:00:00;0;0;8.89;0.94;14.55;5.42;8.61;99.39;4.65;83.33;-12.10972;-77.05194;100895.09;18.94
24/08/2020;13:00:00;0;0;4.8;14.68;10.93;4.89;8.7;103.67;4.17;78.74;-12.10972;-77.05194;100832.07;19.59
24/08/2020;14:00:00;0;0;45.52;4.12;15.8;6.17;8.25;101.02;2.85;82.73;-12.10972;-77.05194;100796.6;18.67
24/08/2020;15:00:00;0;0;52.93;0.87;19.43;6.01;8.28;104.76;1.32;82.2;-12.10972;-77.05194;100748.32;18.84
24/08/2020;16:00:00;0.26;0;97.9;0;21.43;6.35;8.14;104.44;0.82;83.15;-12.10972;-77.05194;100705.21;18.7
24/08/2020;17:00:00;0;0;117.18;0;41.24;9.59;7.59;108.64;0.39;88.48;-12.10972;-77.05194;100697.15;17.2
24/08/2020;18:00:00;0;0;122.21;0;56.53;11.79;7.29;110.86;0.05;89.87;-12.10972;-77.05194;100695.16;16.45
24/08/2020;19:00:00;8.14;0;124.98;0;57.8;11.86;7.27;108.86;0;91.79;-12.10972;-77.05194;100697.93;16.06
24/08/2020;20:00:00;0;0;115.23;0;60.07;12.31;7.28;103.62;0;93.32;-12.10972;-77.05194;100727.46;15.88
24/08/2020;21:00:00;0.49;0;106.41;0;69.45;13.91;7.27;100.24;0;94.61;-12.10972;-77.05194;100784.48;15.81
24/08/2020;22:00:00;0;0;98.51;0;63.01;12.76;7.25;93.15;0;95.14;-12.10972;-77.05194;100820.29;15.87
24/08/2020;23:00:00;0;0;88.15;0;70.41;13.96;7.22;96.87;0;95.72;-12.10972;-77.05194;100826.39;15.8
25/08/2020;00:00:00;0;0;83.86;0;58.41;12.17;7.21;87.04;0;95.69;-12.10972;-77.05194;100829.56;15.83
25/08/2020;01:00:00;0;0;80.53;0;62.27;12.85;7.2;88.39;0;95.36;-12.10972;-77.05194;100816.29;15.84
25/08/2020;02:00:00;0;0;80.94;0;74.41;14.1;7.2;84.83;0;96.46;-12.10972;-77.05194;100783.34;15.65
25/08/2020;03:00:00;0;0;80.76;0;73.77;13.34;7.2;81.56;0;97.56;-12.10972;-77.05194;100763.19;15.47
25/08/2020;04:00:00;0;0;83.26;0;122.4;18.96;7.19;69.02;0;98.86;-12.10972;-77.05194;100768.3;15.29
25/08/2020;05:00:00;0;0;83.91;0;108.48;17.65;7.19;83.85;0;99.3;-12.10972;-77.05194;100802.73;15.13
25/08/2020;06:00:00;0;0;86.72;0;124.11;20.36;7.21;96.38;0;99.3;-12.10972;-77.05194;100863.49;15.16
25/08/2020;07:00:00;0;0;100.33;0;122.88;20.7;7.26;98.34;0;99.28;-12.10972;-77.05194;100891.66;15.28
25/08/2020;08:00:00;0;0;94.99;0;58.03;12.73;7.3;97;0.16;98.3;-12.10972;-77.05194;100921.45;15.57
25/08/2020;09:00:00;0;0;80.03;0;56.32;12.53;7.4;101.66;0.51;97.05;-12.10972;-77.05194;100950.3;16.15
25/08/2020;10:00:00;0;0;62.88;0;29.91;8.37;7.64;103.15;0.79;95.31;-12.10972;-77.05194;100978.29;16.58
25/08/2020;11:00:00;0;0;53.54;0;23.08;7.4;7.79;99.21;1.08;94.72;-12.10972;-77.05194;100952.2;16.8
25/08/2020;12:00:00;0;0;42.73;0;19.82;6.85;8.07;101.09;1.65;93.42;-12.10972;-77.05194;100893.47;17.25
25/08/2020;13:00:00;0;0;51.98;0;23.68;7.77;8.02;101.95;1.46;93.5;-12.10972;-77.05194;100857.07;17.26
25/08/2020;14:00:00;0;0;23.12;0.81;20.42;6.49;8.6;96.59;1.99;85.79;-12.10972;-77.05194;100772.5;19.33
25/08/2020;15:00:00;0;0;14.55;2.53;16.08;5.44;8.59;101.26;1.63;83.08;-12.10972;-77.05194;100682.41;19.13
25/08/2020;16:00:00;0;0;71.34;0;17.6;5.69;8.14;97.84;0.93;87.96;-12.10972;-77.05194;100659.58;17.72
25/08/2020;17:00:00;2.68;0;115.36;0;42.8;10.46;7.68;101.72;0.25;91.55;-12.10972;-77.05194;100661.25;17.19
25/08/2020;18:00:00;0;0;120.62;0;93.36;17.53;7.31;101;0.01;93.05;-12.10972;-77.05194;100653.88;16.38
25/08/2020;19:00:00;0;0;122.57;0;98.76;17.88;7.27;104;0;92.76;-12.10972;-77.05194;100669.16;16.24
25/08/2020;20:00:00;0;0;117.62;0;90.48;17.75;7.28;103.17;0;93.25;-12.10972;-77.05194;100701.76;16.25
25/08/2020;21:00:00;0;0;105.97;0;79.99;15.87;7.28;100.22;0;95.08;-12.10972;-77.05194;100745.48;16.07
25/08/2020;22:00:00;0;0;96.47;0;63.76;13.18;7.25;94.17;0;95.37;-12.10972;-77.05194;100782.33;15.98
25/08/2020;23:00:00;0;0;88.46;0;100.69;18.56;7.2;88.87;0;96.12;-12.10972;-77.05194;100808.04;15.82
26/08/2020;00:00:00;0;0;86.04;0;157.59;27.4;7.18;99.35;0;97.75;-12.10972;-77.05194;100828.71;15.51
26/08/2020;01:00:00;0;0;85.43;0;217.72;36;7.18;85.45;0;99.24;-12.10972;-77.05194;100807.27;15.32
26/08/2020;02:00:00;0;0;82.35;0;235.3;40.26;7.18;78.79;0;99.3;-12.10972;-77.05194;100753.88;15.22
26/08/2020;03:00:00;0;0;80.26;0;285.25;48.27;7.19;77.25;0;99.3;-12.10972;-77.05194;100705.3;15.11
26/08/2020;04:00:00;0;0;76.53;0;237.8;44.63;7.2;72.57;0;99.3;-12.10972;-77.05194;100650.96;15.09
26/08/2020;05:00:00;0;0;78.28;0;248.57;46.32;7.18;77.69;0;99.3;-12.10972;-77.05194;100621.94;15.11
26/08/2020;06:00:00;0;0;80.95;0;166.62;32.07;7.19;92.95;0;99.3;-12.10972;-77.05194;100676.15;15.12
26/08/2020;07:00:00;0;0;91.85;0;345.17;63.43;7.24;101.54;0;99.3;-12.10972;-77.05194;100761.49;15.16
26/08/2020;08:00:00;0;0;94.02;0;263.04;53.96;7.27;96;0.09;99.3;-12.10972;-77.05194;100839.32;15.39
26/08/2020;09:00:00;16.8;0;80.78;0;146.95;36.93;7.35;96.99;0.38;99.3;-12.10972;-77.05194;100900.21;15.73
26/08/2020;10:00:00;0;0;61.24;0;84.59;21.45;7.64;99.96;0.96;98.52;-12.10972;-77.05194;100911.35;16.32
26/08/2020;11:00:00;0;0;54.87;0;69.93;16.71;7.72;99.31;0.98;94.75;-12.10972;-77.05194;100906.78;16.85
26/08/2020;12:00:00;0;0;55.22;0;65.52;17.1;7.85;98.52;1.42;94.01;-12.10972;-77.05194;100866.54;17.03
26/08/2020;13:00:00;0;0;49.53;0;45.97;14.3;8.01;101.78;1.47;94.3;-12.10972;-77.05194;100808.06;17.05
26/08/2020;14:00:00;0;0;56.95;0;54.99;14.86;7.98;100.85;0.96;93.11;-12.10972;-77.05194;100720.85;17.07
26/08/2020;15:00:00;0;0;85.31;0;57.61;13.84;7.5;99.58;0.61;96.15;-12.10972;-77.05194;100662.86;16.05
26/08/2020;16:00:00;0;0;78.87;0;55.99;14.06;7.54;101.54;0.56;93.59;-12.10972;-77.05194;100634.83;16.31
26/08/2020;17:00:00;0;0;85.96;0;77.67;17.47;7.5;100.89;0.24;93.65;-12.10972;-77.05194;100630.46;16.39
26/08/2020;18:00:00;0;0;92.21;0;87.51;19.34;7.34;94.87;0.04;94.44;-12.10972;-77.05194;100661.26;16.06
26/08/2020;19:00:00;0;0;103.62;0;148.69;31.39;7.26;98.75;0;96.73;-12.10972;-77.05194;100725.84;15.81
26/08/2020;20:00:00;0;0;103.26;0;243.13;47.48;7.27;98.83;0;97.14;-12.10972;-77.05194;100780.73;15.7
26/08/2020;21:00:00;0;0;102.15;0;264.14;49.8;7.26;98.68;0;98.06;-12.10972;-77.05194;100823.87;15.55
26/08/2020;22:00:00;0;0;95.92;0;292.02;56.95;7.25;98.71;0;98.78;-12.10972;-77.05194;100851.77;15.52
26/08/2020;23:00:00;0;0;84.73;0;255.47;51.48;7.21;82.91;0;99.25;-12.10972;-77.05194;100880.29;15.47
27/08/2020;00:00:00;0;0;82.25;0;188.84;36.17;7.18;88.29;0;99.3;-12.10972;-77.05194;100877.8;15.28
27/08/2020;01:00:00;0;0;81.3;0;194.64;36.58;7.18;74.81;0;99.3;-12.10972;-77.05194;100856.85;15.06
27/08/2020;02:00:00;0;0;79.11;0;201.97;35.33;7.19;65.18;0;99.3;-12.10972;-77.05194;100811.38;14.97
27/08/2020;03:00:00;0;0;79.55;0;227.68;30.34;7.19;70.29;0;99.3;-12.10972;-77.05194;100762.95;14.88
27/08/2020;04:00:00;0;0;78.61;0;271.39;41.91;7.2;72.17;0;99.3;-12.10972;-77.05194;100755.54;14.81
27/08/2020;05:00:00;0;0;79.62;0;289.14;49.97;7.2;73.01;0;99.3;-12.10972;-77.05194;100751.73;14.6
27/08/2020;06:00:00;0;0;81.33;0;458.49;79.81;7.21;92.25;0;99.3;-12.10972;-77.05194;100797.55;14.64
27/08/2020;07:00:00;0;0;94.54;0;275.5;52.27;7.24;94.04;0;99.3;-12.10972;-77.05194;100867.08;14.67
27/08/2020;08:00:00;3.52;0;96.02;0;172.02;36.37;7.3;101.23;0.18;99.3;-12.10972;-77.05194;100922.27;15.04
27/08/2020;09:00:00;0;0;69.57;0;49.84;12.83;7.33;96.91;0.47;99.3;-12.10972;-77.05194;100956.29;15.32
27/08/2020;10:00:00;0;0;57.09;0;33.94;9.52;7.57;95.59;0.9;97.34;-12.10972;-77.05194;101002.96;15.98
27/08/2020;11:00:00;0;0;46.32;0;27.16;9.45;7.87;96.78;1.27;94.6;-12.10972;-77.05194;101001.52;16.66
27/08/2020;12:00:00;0;0;46.31;0;33.92;13.91;7.91;103.59;1.35;94.02;-12.10972;-77.05194;100972.4;16.71
27/08/2020;13:00:00;0;0;66.85;0;29.87;15.99;7.72;97.11;0.94;94.46;-12.10972;-77.05194;100938.1;16.35
27/08/2020;14:00:00;0;0;85.63;0;36.47;17.88;7.51;97.08;0.59;94.11;-12.10972;-77.05194;100900.36;16.22
27/08/2020;15:00:00;4.02;0;89.64;0;67.21;19.9;7.58;104.65;0.44;93.34;-12.10972;-77.05194;100866.19;16.74
27/08/2020;16:00:00;0;0;97.49;0;44.33;13.76;7.27;100.22;0.2;96.36;-12.10972;-77.05194;100835.71;15.7
27/08/2020;17:00:00;0;0;93.81;0;52.4;13.69;7.26;101.4;0.16;97.77;-12.10972;-77.05194;100872.64;15.54
27/08/2020;18:00:00;0;0;90.17;0;60.81;15.13;7.26;99.61;0.02;96.58;-12.10972;-77.05194;100914.01;15.52
27/08/2020;19:00:00;0;0;100.12;0;103.43;21.47;7.25;93.19;0;96.68;-12.10972;-77.05194;100990.08;15.51
27/08/2020;20:00:00;0;0;98.56;0;120.47;23.97;7.22;92.75;0;96.65;-12.10972;-77.05194;101053;15.53
27/08/2020;21:00:00;0;0;96.01;0;121.24;24.37;7.26;98.66;0;96.71;-12.10972;-77.05194;101106.26;15.57
27/08/2020;22:00:00;0;0;92.42;0;96.87;20.58;7.2;89.82;0;96.24;-12.10972;-77.05194;101131.08;15.56
27/08/2020;23:00:00;0;0;79.99;0;82.23;19.02;7.21;76.53;0;96.63;-12.10972;-77.05194;101113.48;15.49
28/08/2020;00:00:00;0;0;75.39;0;72.26;17.2;7.21;76.36;0;96.14;-12.10972;-77.05194;101093.47;15.51
28/08/2020;01:00:00;0;0;76.89;0;50.97;14.63;7.21;69.66;0;95.33;-12.10972;-77.05194;101058.87;15.55
28/08/2020;02:00:00;0;0;79.55;0;54.28;15.75;7.22;66.81;0;94.72;-12.10972;-77.05194;100994.26;15.58
28/08/2020;03:00:00;0;0;83.63;0;72.77;20.05;7.2;76.77;0;95.46;-12.10972;-77.05194;100922.87;15.52
28/08/2020;04:00:00;5.43;0;100.37;0;86.05;25.46;7.22;73.49;0;97.54;-12.10972;-77.05194;100883;15.31
28/08/2020;05:00:00;0;0;90.4;0;60.41;20.95;7.22;73.3;0;97.83;-12.10972;-77.05194;100872.16;15.29
28/08/2020;06:00:00;0;0;103.94;0;66.64;26.08;7.3;88.83;0;97.61;-12.10972;-77.05194;100909.46;15.24
28/08/2020;07:00:00;29.5;0;112.76;0;59.76;26.43;7.39;106.21;0;96.57;-12.10972;-77.05194;100998;15.32
28/08/2020;08:00:00;34.89;0;106.94;0;56.67;25.15;7.39;96.45;0.03;95.69;-12.10972;-77.05194;101106.15;15.47
28/08/2020;09:00:00;0;0;91.35;0;38.25;13.22;7.3;101.66;0.17;95.61;-12.10972;-77.05194;101153.94;15.44
28/08/2020;10:00:00;0;0;81.9;0;28.63;9.65;7.29;96.75;0.44;96.91;-12.10972;-77.05194;101179.5;15.29
28/08/2020;11:00:00;0.14;0;79.84;0;32.79;13.71;7.44;97.39;0.53;96.38;-12.10972;-77.05194;101167.6;15.69
28/08/2020;12:00:00;0;0;75.75;0;35.28;16.18;7.42;96.28;0.7;96.95;-12.10972;-77.05194;101116.75;15.46
28/08/2020;13:00:00;0;0;68.24;0;27.02;15.16;7.7;98.51;1.24;96.17;-12.10972;-77.05194;101041.69;16.17
28/08/2020;14:00:00;0;0;60.07;0.001;21.59;12.09;7.84;102.28;1.02;93.28;-12.10972;-77.05194;100968.5;16.68
28/08/2020;15:00:00;0;0;71.08;0;32.93;8.9;7.71;99.32;0.96;94.1;-12.10972;-77.05194;100912.49;16.53
28/08/2020;16:00:00;0;0;72.86;0;40.06;9.37;7.68;98.19;0.69;92.45;-12.10972;-77.05194;100868.26;16.56
28/08/2020;17:00:00;0;0;89.09;0;40.32;9.62;7.53;98.74;0.35;94;-12.10972;-77.05194;100876.46;16.35
28/08/2020;18:00:00;0;0;104.02;0;63.5;13.81;7.31;98.31;0.03;94.8;-12.10972;-77.05194;100924.66;15.98
28/08/2020;19:00:00;4.66;0;119.81;0;92.53;19.05;7.27;106.59;0;95.39;-12.10972;-77.05194;100975.15;15.77
28/08/2020;20:00:00;3.45;0;116.31;0;86.78;17.54;7.29;96.77;0;95.19;-12.10972;-77.05194;101018.83;15.9
28/08/2020;21:00:00;0;0;108.95;0;68.28;12.78;7.27;99.4;0;97.68;-12.10972;-77.05194;101074.64;15.51
28/08/2020;22:00:00;0;0;103.24;0;59.87;10.07;7.24;88.79;0;99.09;-12.10972;-77.05194;101086.76;15.39
28/08/2020;23:00:00;0;0;90.23;0;92.21;14.35;7.18;88.02;0;99.3;-12.10972;-77.05194;101075.83;15.1
29/08/2020;00:00:00;0;0;80.34;0;101.59;17.34;7.16;96.56;0;99.3;-12.10972;-77.05194;101035.96;14.92
29/08/2020;01:00:00;0;0;78.9;0;80.44;14.65;7.15;90.14;0;99.3;-12.10972;-77.05194;100979.32;14.83
29/08/2020;02:00:00;0;0;76.21;0;83.43;15.11;7.16;71.04;0;99.3;-12.10972;-77.05194;100915.22;14.75
29/08/2020;03:00:00;0;0;74.09;0;46.78;10.53;7.18;68.15;0;99.3;-12.10972;-77.05194;100865.81;14.71
29/08/2020;04:00:00;0;0;77.33;0;59.32;11.32;7.17;66.84;0;99.3;-12.10972;-77.05194;100874.99;14.75
29/08/2020;05:00:00;0;0;79.67;0;64.96;12.34;7.17;74.69;0;99.3;-12.10972;-77.05194;100902.17;14.51
29/08/2020;06:00:00;0;0;85.29;0;58.16;11.87;7.16;86.02;0;99.3;-12.10972;-77.05194;100937.5;14.5
29/08/2020;07:00:00;0;0;99;0;56.96;11.16;7.19;94.9;0;99.3;-12.10972;-77.05194;100990.04;14.43
29/08/2020;08:00:00;15.05;0;110.76;0;46.23;10.48;7.3;94.36;0.05;99.3;-12.10972;-77.05194;101053.06;14.75
29/08/2020;09:00:00;0;0;91.23;0;35.19;6.48;7.25;96.91;0.26;99.3;-12.10972;-77.05194;101094.51;14.97
29/08/2020;10:00:00;39.94;0;93.73;0;21.38;5.57;7.42;101.25;0.4;99.3;-12.10972;-77.05194;101099.97;15.45
29/08/2020;11:00:00;13.59;0;72.53;0;29.41;7.66;7.46;93.52;0.49;99.3;-12.10972;-77.05194;101065.28;15.73
29/08/2020;12:00:00;0;0;67.09;0;29.4;8.44;7.5;101.01;0.67;97.62;-12.10972;-77.05194;101014.68;16.02
29/08/2020;13:00:00;0;0;66.67;0;22.81;6.74;7.76;100.41;1.11;93.72;-12.10972;-77.05194;100941.25;17.36
29/08/2020;14:00:00;0;0;60.53;0;17.94;5.2;7.78;98.66;1;90.33;-12.10972;-77.05194;100840.64;17.21
29/08/2020;15:00:00;0;0;76.44;0;15.43;4.37;7.57;99.99;0.86;93.25;-12.10972;-77.05194;100747.92;16.35
29/08/2020;16:00:00;0;0;84.83;0;16.81;4.55;7.37;101.32;0.47;95.02;-12.10972;-77.05194;100697.79;15.88
29/08/2020;17:00:00;0;0;96.19;0;31.03;7.28;7.25;105;0.22;96.03;-12.10972;-77.05194;100693.79;15.66
29/08/2020;18:00:00;46.46;0;105.2;0;31.7;8.22;7.28;94.99;0.02;95.9;-12.10972;-77.05194;100712.19;15.65
29/08/2020;19:00:00;5.93;0;107.75;0;58.21;11.43;7.24;97.84;0;95.52;-12.10972;-77.05194;100773.71;15.61
29/08/2020;20:00:00;0;0;119.06;0;75.81;13.91;7.29;92.81;0;96.4;-12.10972;-77.05194;100816.21;15.48
29/08/2020;21:00:00;0;0;109.75;0;75.56;13.58;7.24;98.96;0;97.42;-12.10972;-77.05194;100863.57;15.37
29/08/2020;22:00:00;0;0;107.91;0;78.94;13.4;7.25;89.78;0;98.87;-12.10972;-77.05194;100913.12;15.28
29/08/2020;23:00:00;0;0;93.36;0;78;12.56;7.19;81.41;0;99.28;-12.10972;-77.05194;100916.78;15.1
30/08/2020;00:00:00;0;0;83.4;0;80.59;11.13;7.16;82.64;0;99.3;-12.10972;-77.05194;100896.42;14.84
30/08/2020;01:00:00;0;0;80.35;0;94.69;12.41;7.16;79.48;0;99.3;-12.10972;-77.05194;100832.62;14.69
30/08/2020;02:00:00;0;0;79.66;0;131.49;16.86;7.14;84.26;0;99.3;-12.10972;-77.05194;100778.35;14.58
30/08/2020;03:00:00;0;0;79.65;0;170.42;19.4;7.14;74.35;0;99.3;-12.10972;-77.05194;100757.4;14.49
30/08/2020;04:00:00;0;0;78.22;0;150;17.77;7.15;70.84;0;99.3;-12.10972;-77.05194;100754.31;14.46
30/08/2020;05:00:00;0;0;77.13;0;130.4;17.71;7.16;66.67;0;99.3;-12.10972;-77.05194;100762.39;14.4
30/08/2020;06:00:00;0;0;75.31;0;51.52;9.82;7.17;74.46;0;99.3;-12.10972;-77.05194;100794.08;14.34
30/08/2020;07:00:00;0;0;80.61;0;70.19;11.97;7.18;75.14;0;99.3;-12.10972;-77.05194;100851.88;14.59
30/08/2020;08:00:00;0;0;83.07;0;26.69;4.84;7.22;82.88;0.09;99.3;-12.10972;-77.05194;100935.68;14.48
30/08/2020;09:00:00;0;0;76.34;0;36.18;8.08;7.24;96.24;0.28;99.3;-12.10972;-77.05194;101011.97;15.06
30/08/2020;10:00:00;0;0;65.35;0;37.56;7.59;7.2;86.69;0.48;99.3;-12.10972;-77.05194;101068.53;15.19
30/08/2020;11:00:00;0;0;55.36;0;22.18;5.61;7.29;80.52;0.65;99.3;-12.10972;-77.05194;101056.34;15.36
30/08/2020;12:00:00;0;0;50.92;0;10.79;3.33;7.53;85.06;0.91;98.7;-12.10972;-77.05194;101006.56;15.97
30/08/2020;13:00:00;0;0;43.82;0;14.39;3.59;7.71;95.02;1.16;94.62;-12.10972;-77.05194;100935.42;16.67
30/08/2020;14:00:00;0;0;27.41;0.14;7.39;2.26;7.99;96.1;1.59;90.35;-12.10972;-77.05194;100879.28;17.22
30/08/2020;15:00:00;0;0;40.43;0.09;11.27;3.51;8.01;95.54;1.41;90.49;-12.10972;-77.05194;100803;17.43
30/08/2020;16:00:00;0;0;57.78;0;16.5;4.55;7.9;99.05;0.99;90.57;-12.10972;-77.05194;100744.63;17.47
30/08/2020;17:00:00;0;0;82.1;0;21.92;5.01;7.46;83.74;0.25;92.93;-12.10972;-77.05194;100749.37;16.38
30/08/2020;18:00:00;0;0;93.11;0;92.56;13.81;7.24;89.39;0.11;94.47;-12.10972;-77.05194;100768.65;16.12
30/08/2020;19:00:00;0;0;98.42;0;137.51;21.04;7.14;91.29;0;96.14;-12.10972;-77.05194;100822.53;15.64
30/08/2020;20:00:00;0;0;98.18;0;183.23;26.2;7.18;83.97;0;97.37;-12.10972;-77.05194;100860.18;15.52
30/08/2020;21:00:00;0;0;97.96;0;204.6;45.95;7.19;84;0;97.42;-12.10972;-77.05194;100862.09;15.48
30/08/2020;22:00:00;0;0;94.53;0;136.73;39.79;7.21;89.93;0;96.55;-12.10972;-77.05194;100904.48;15.49
30/08/2020;23:00:00;0;0;83.38;0;130.78;24.77;7.18;83.09;0;94.71;-12.10972;-77.05194;100930.21;15.69
31/08/2020;00:00:00;0;0;82.27;0;150.58;25.27;7.17;83.53;0;95.59;-12.10972;-77.05194;100919.2;15.66
31/08/2020;01:00:00;0;0;80.95;0;175.65;27.78;7.15;80.52;0;96.8;-12.10972;-77.05194;100912.59;15.49
31/08/2020;02:00:00;0;0;83.11;0;144.83;24;7.15;86.44;0;97.83;-12.10972;-77.05194;100889.8;15.28
31/08/2020;03:00:00;0;0;80.99;0;172.51;27.17;7.12;98.1;0;98.8;-12.10972;-77.05194;100844.27;14.88
31/08/2020;04:00:00;0;0;79.82;0;151.08;23.71;7.12;102.37;0;99.3;-12.10972;-77.05194;100825.84;14.4
31/08/2020;05:00:00;0;0;78.87;0;153.52;25.03;7.13;87.78;0;99.3;-12.10972;-77.05194;100809.65;14.41
31/08/2020;06:00:00;0;0;81.85;0;174.71;28.69;7.16;87.29;0;99.3;-12.10972;-77.05194;100856.35;14.42
31/08/2020;07:00:00;0;0;95.13;0;172.6;29.16;7.19;100.09;0;99.3;-12.10972;-77.05194;100935.14;14.59
31/08/2020;08:00:00;0;0;90.26;0;100.38;21.08;7.24;100.91;0.16;99.05;-12.10972;-77.05194;101033.26;14.92
31/08/2020;09:00:00;0;0;72.65;0;54.15;14.13;7.39;99.17;0.57;96.74;-12.10972;-77.05194;101095.02;15.77
31/08/2020;10:00:00;0;0;50.84;0;50.95;12.55;7.72;96.16;1.31;91.97;-12.10972;-77.05194;101123.86;16.62
31/08/2020;11:00:00;0;0;40.74;0;41.26;10.34;7.97;97.98;2.08;90.41;-12.10972;-77.05194;101131.27;17
31/08/2020;12:00:00;0;0;36.03;0;27.98;7.78;8.08;101.38;2.33;90.96;-12.10972;-77.05194;101090.95;16.77
31/08/2020;13:00:00;0;0;58.37;0;32.54;8.03;8.04;96.34;1.56;89.78;-12.10972;-77.05194;101030.55;17.21
31/08/2020;14:00:00;0;0;68.53;0;42.69;10.32;7.95;96.71;1.11;89.62;-12.10972;-77.05194;100937.89;17.08
31/08/2020;15:00:00;0;0;97.29;0;101.53;19.58;7.36;110.47;0.47;92.1;-12.10972;-77.05194;100881.34;16.06
31/08/2020;16:00:00;0;0;106.04;0;128.11;22.67;7.22;109.3;0.31;91.48;-12.10972;-77.05194;100865.96;15.9
31/08/2020;17:00:00;0;0;108.54;0;97.19;18.99;7.22;109.17;0.16;91.6;-12.10972;-77.05194;100879.77;15.73
31/08/2020;18:00:00;0;0;115.51;0;97.38;17.65;7.28;103.83;0.01;91.46;-12.10972;-77.05194;100890.27;15.7
31/08/2020;19:00:00;0.83;0;120.68;0;135.29;22.09;7.3;100.46;0;92.2;-12.10972;-77.05194;100922.07;15.64
31/08/2020;20:00:00;0;0;115.89;0;153.11;25.25;7.27;101.64;0;93.51;-12.10972;-77.05194;100948.38;15.5
31/08/2020;21:00:00;5.88;0;108.09;0;167.88;27.8;7.26;94.43;0;94.6;-12.10972;-77.05194;100989.38;15.39
31/08/2020;22:00:00;0;0;92.5;0;152.61;24.92;7.23;94.85;0;94.6;-12.10972;-77.05194;101000.99;15.27
31/08/2020;23:00:00;0;0;84.14;0;165.16;27.52;7.2;82.43;0;94.65;-12.10972;-77.05194;100973.48;15.21
