ID;CODIGO DE LA ENTIDAD;CODIGO UBIGEO INEI;CODIGO PAIS ;NOMBRE DE LA UO;Fecha;CO (ug/m3);H2S (ug/m3);NO2 (ug/m3);O3 (ug/m3);PM10 (ug/m3);PM2.5 (ug/m3);SO2 (ug/m3);Ruido (dB);UV;Humedad (%);Latitud;Longitud;"Presion 
(Pa)";Temperatura (C)
1;10069;150122;PE;Subgerencia de Desarrollo Ambiental;1/11/2020 00:00;0;0;95.44;0;258.37;37.03;7.23;88.3;0;98.36;-12.10972;-77.05194;1009.52;15.79
2;10069;150122;PE;Subgerencia de Desarrollo Ambiental;1/11/2020 01:00;0;0;87.44;0;207.97;30.36;7.23;81.86;0;98.53;-12.10972;-77.05194;1009.02;15.8
3;10069;150122;PE;Subgerencia de Desarrollo Ambiental;1/11/2020 02:00;0;0;86.2;0;100.24;18.9;7.22;84.87;0;98.67;-12.10972;-77.05194;1008.69;15.94
4;10069;150122;PE;Subgerencia de Desarrollo Ambiental;1/11/2020 03:00;6.12;0;84.8;0;138.53;24.65;7.22;76.22;0;98.62;-12.10972;-77.05194;1008.3;15.91
5;10069;150122;PE;Subgerencia de Desarrollo Ambiental;1/11/2020 04:00;0;0;85.06;0;184.02;26.79;7.22;73.69;0;98.91;-12.10972;-77.05194;1008.25;15.77
6;10069;150122;PE;Subgerencia de Desarrollo Ambiental;1/11/2020 05:00;0;0;86.59;0;195.29;27.02;7.21;76.35;0;99.29;-12.10972;-77.05194;1008.59;15.69
7;10069;150122;PE;Subgerencia de Desarrollo Ambiental;1/11/2020 06:00;0;0;86.91;0;162.97;23.58;7.23;81.94;0;99.3;-12.10972;-77.05194;1009;15.65
8;10069;150122;PE;Subgerencia de Desarrollo Ambiental;1/11/2020 07:00;0;0;87.1;0;282.11;43.86;7.26;84.43;0.09;99.3;-12.10972;-77.05194;1009.36;15.87
9;10069;150122;PE;Subgerencia de Desarrollo Ambiental;1/11/2020 08:00;0;0;75.43;0;125.67;24.46;7.42;86.39;0.5;99.21;-12.10972;-77.05194;1009.88;16.32
10;10069;150122;PE;Subgerencia de Desarrollo Ambiental;1/11/2020 09:00;0;0;52.36;0;67.24;12.79;7.71;98.89;0.91;97.17;-12.10972;-77.05194;1010.38;16.9
11;10069;150122;PE;Subgerencia de Desarrollo Ambiental;1/11/2020 10:00;0;0;54.18;0;35.89;7.52;7.82;102.55;1.29;96.01;-12.10972;-77.05194;1010.46;17.13
12;10069;150122;PE;Subgerencia de Desarrollo Ambiental;1/11/2020 11:00;0;0;37.67;0;28.19;5.19;8.15;91.83;1.28;92.69;-12.10972;-77.05194;1010.04;18.07
13;10069;150122;PE;Subgerencia de Desarrollo Ambiental;1/11/2020 12:00;0;0;35.75;0.04;30.1;4.78;8.4;99.2;1.63;88.05;-12.10972;-77.05194;1009.49;18.77
14;10069;150122;PE;Subgerencia de Desarrollo Ambiental;1/11/2020 13:00;0;0;40.19;0.45;9.44;2.61;8.41;96.67;2.21;90.63;-12.10972;-77.05194;1008.69;18.06
15;10069;150122;PE;Subgerencia de Desarrollo Ambiental;1/11/2020 14:00;0;0;45;0.04;9.94;3.17;8.44;100.01;1.61;90.2;-12.10972;-77.05194;1007.8;18.26
16;10069;150122;PE;Subgerencia de Desarrollo Ambiental;1/11/2020 15:00;0;0;38.75;0;14.86;4.14;8.65;92.82;0.93;80.51;-12.10972;-77.05194;1007.3;20.09
17;10069;150122;PE;Subgerencia de Desarrollo Ambiental;1/11/2020 16:00;0;0;60.57;0;27.85;5.6;8.46;101.63;0.99;82.22;-12.10972;-77.05194;1007.15;19.37
18;10069;150122;PE;Subgerencia de Desarrollo Ambiental;1/11/2020 17:00;0;0;94.63;0;43.19;8.25;7.93;98.07;0.45;87.75;-12.10972;-77.05194;1007.13;18.18
19;10069;150122;PE;Subgerencia de Desarrollo Ambiental;1/11/2020 18:00;0;0;104.71;0;57.58;10.21;7.57;90.22;0.07;90.5;-12.10972;-77.05194;1007.36;17.41
20;10069;150122;PE;Subgerencia de Desarrollo Ambiental;1/11/2020 19:00;0;0;108.71;0;38.91;8.51;7.41;90.46;0;92.39;-12.10972;-77.05194;1007.75;17.14
21;10069;150122;PE;Subgerencia de Desarrollo Ambiental;1/11/2020 20:00;0;0;104.53;0;41.56;9.17;7.26;91.84;0;94.59;-12.10972;-77.05194;1008.08;16.73
22;10069;150122;PE;Subgerencia de Desarrollo Ambiental;1/11/2020 21:00;0;0;101.43;0;75.85;12.57;7.24;99.11;0;96.09;-12.10972;-77.05194;1008.41;16.48
23;10069;150122;PE;Subgerencia de Desarrollo Ambiental;1/11/2020 22:00;0;0;103.69;0;116.48;15.84;7.23;89.21;0;96.86;-12.10972;-77.05194;1008.83;16.44
24;10069;150122;PE;Subgerencia de Desarrollo Ambiental;1/11/2020 23:00;0;0;101.45;0;90.59;12.72;7.22;90.47;0;97.24;-12.10972;-77.05194;1008.68;16.46
25;10069;150122;PE;Subgerencia de Desarrollo Ambiental;2/11/2020 00:00;0;0;93.13;0;75.88;10.72;7.22;98.67;0;97.02;-12.10972;-77.05194;1008.24;16.51
26;10069;150122;PE;Subgerencia de Desarrollo Ambiental;2/11/2020 01:00;0;0;88.71;0;76.98;10.57;7.2;81.2;0;96.96;-12.10972;-77.05194;1007.52;16.39
27;10069;150122;PE;Subgerencia de Desarrollo Ambiental;2/11/2020 02:00;0;0;89.01;0;82.18;10.45;7.19;77.34;0;97.37;-12.10972;-77.05194;1006.84;16.2
28;10069;150122;PE;Subgerencia de Desarrollo Ambiental;2/11/2020 03:00;0;0;89.32;0;106.64;12.36;7.18;92.24;0;98.64;-12.10972;-77.05194;1006.3;15.85
29;10069;150122;PE;Subgerencia de Desarrollo Ambiental;2/11/2020 04:00;0;0;87.47;0;123.21;13.83;7.19;74.01;0;99.28;-12.10972;-77.05194;1006.24;15.78
30;10069;150122;PE;Subgerencia de Desarrollo Ambiental;2/11/2020 05:00;0;0;85.91;0;83.62;10.71;7.2;83.18;0;99.29;-12.10972;-77.05194;1006.55;15.74
31;10069;150122;PE;Subgerencia de Desarrollo Ambiental;2/11/2020 06:00;0;0;89.86;0;40.65;7.1;7.23;84.85;0;98.74;-12.10972;-77.05194;1006.9;15.8
32;10069;150122;PE;Subgerencia de Desarrollo Ambiental;2/11/2020 07:00;0;0;99.01;0;28.67;6.61;7.28;94.59;0.03;97.63;-12.10972;-77.05194;1007.61;15.97
33;10069;150122;PE;Subgerencia de Desarrollo Ambiental;2/11/2020 08:00;11.49;0;98.69;0;24.49;6.57;7.34;96.29;0.2;96.94;-12.10972;-77.05194;1008.52;16.42
34;10069;150122;PE;Subgerencia de Desarrollo Ambiental;2/11/2020 09:00;0;0;86.36;0;22.02;5.75;7.4;101.01;0.44;97.1;-12.10972;-77.05194;1008.99;16.31
35;10069;150122;PE;Subgerencia de Desarrollo Ambiental;2/11/2020 10:00;0;0;75.14;0;16.76;4.74;7.61;99.13;0.75;96.91;-12.10972;-77.05194;1008.86;16.54
36;10069;150122;PE;Subgerencia de Desarrollo Ambiental;2/11/2020 11:00;0;0;49.28;0;33.25;6.36;8.09;102.19;1.5;93.83;-12.10972;-77.05194;1008.51;17.82
37;10069;150122;PE;Subgerencia de Desarrollo Ambiental;2/11/2020 12:00;0;0;44.93;0;12.43;3.65;8.31;102.2;2.85;91.68;-12.10972;-77.05194;1008.08;17.85
38;10069;150122;PE;Subgerencia de Desarrollo Ambiental;2/11/2020 13:00;0;0;28.28;0.16;8.49;2.96;8.47;100.48;2.17;88.3;-12.10972;-77.05194;1007.34;18.71
39;10069;150122;PE;Subgerencia de Desarrollo Ambiental;2/11/2020 14:00;0;0;35.83;0.83;8.06;2.92;8.49;101.85;1.03;84.7;-12.10972;-77.05194;1006.7;19.34
40;10069;150122;PE;Subgerencia de Desarrollo Ambiental;2/11/2020 15:00;0;0;68.26;0;10.32;3.54;8.4;103.79;0.42;82.28;-12.10972;-77.05194;1006.44;19.85
41;10069;150122;PE;Subgerencia de Desarrollo Ambiental;2/11/2020 16:00;0;0;74.06;0;8.35;2.98;8.43;98.38;0.27;81.56;-12.10972;-77.05194;1006.36;19.82
42;10069;150122;PE;Subgerencia de Desarrollo Ambiental;2/11/2020 17:00;0;0;97.57;0;9.45;3.48;8.22;101.44;0.4;85.2;-12.10972;-77.05194;1006.45;19.09
43;10069;150122;PE;Subgerencia de Desarrollo Ambiental;2/11/2020 18:00;0;0;103.33;0;36.76;9.22;8.11;97.67;0.37;88.02;-12.10972;-77.05194;1006.92;18.67
44;10069;150122;PE;Subgerencia de Desarrollo Ambiental;2/11/2020 19:00;0;0;124.37;0;64.07;12.26;7.44;104.57;0;92.6;-12.10972;-77.05194;1007.65;17.29
45;10069;150122;PE;Subgerencia de Desarrollo Ambiental;2/11/2020 20:00;0;0;123.21;0;67.91;11.84;7.39;100.71;0;93.51;-12.10972;-77.05194;1008.19;17.26
46;10069;150122;PE;Subgerencia de Desarrollo Ambiental;2/11/2020 21:00;0;0;114.27;0;56.06;10.64;7.34;99.21;0;94.3;-12.10972;-77.05194;1008.42;17.08
47;10069;150122;PE;Subgerencia de Desarrollo Ambiental;2/11/2020 22:00;0;0;108.98;0;62.17;12.04;7.22;92.52;0;96.08;-12.10972;-77.05194;1008.63;16.47
48;10069;150122;PE;Subgerencia de Desarrollo Ambiental;2/11/2020 23:00;0;0;107.42;0;58.36;10.78;7.23;91.75;0;97.51;-12.10972;-77.05194;1008.84;16.3
49;10069;150122;PE;Subgerencia de Desarrollo Ambiental;3/11/2020 00:00;0;0;98;0;80.52;13.01;7.22;82.55;0;98.61;-12.10972;-77.05194;1008.83;16.28
50;10069;150122;PE;Subgerencia de Desarrollo Ambiental;3/11/2020 01:00;0;0;93.03;0;85.33;15.21;7.24;79;0;98.91;-12.10972;-77.05194;1008.37;16.49
51;10069;150122;PE;Subgerencia de Desarrollo Ambiental;3/11/2020 02:00;0;0;88.23;0;118.11;20.69;7.26;75.73;0;98.59;-12.10972;-77.05194;1007.73;16.68
52;10069;150122;PE;Subgerencia de Desarrollo Ambiental;3/11/2020 03:00;0;0;84.1;0;80.88;18.15;7.28;76.15;0;97.09;-12.10972;-77.05194;1007.22;16.85
53;10069;150122;PE;Subgerencia de Desarrollo Ambiental;3/11/2020 04:00;0;0;84.25;0;95.67;22.92;7.25;83.23;0;95.52;-12.10972;-77.05194;1007.11;16.9
54;10069;150122;PE;Subgerencia de Desarrollo Ambiental;3/11/2020 05:00;0;0;89.11;0;85.86;24.43;7.24;69.3;0;93.89;-12.10972;-77.05194;1007.47;16.96
55;10069;150122;PE;Subgerencia de Desarrollo Ambiental;3/11/2020 06:00;0;0;92.98;0;53.17;17.76;7.26;83.08;0;93.69;-12.10972;-77.05194;1008.08;16.93
56;10069;150122;PE;Subgerencia de Desarrollo Ambiental;3/11/2020 07:00;0;0;101.94;0;57.74;17.53;7.35;98.64;0.12;93.2;-12.10972;-77.05194;1008.67;17.07
57;10069;150122;PE;Subgerencia de Desarrollo Ambiental;3/11/2020 08:00;0;0;96.51;0;57.63;17.08;7.56;102.49;0.42;91.29;-12.10972;-77.05194;1009.19;17.65
58;10069;150122;PE;Subgerencia de Desarrollo Ambiental;3/11/2020 09:00;7.45;0;83.3;0;25.79;10.13;7.93;98.19;1.1;88.51;-12.10972;-77.05194;1009.37;18.42
59;10069;150122;PE;Subgerencia de Desarrollo Ambiental;3/11/2020 10:00;0;0;42.36;0;14.64;6.08;8.56;99.1;3.63;88.69;-12.10972;-77.05194;1009.24;18.63
60;10069;150122;PE;Subgerencia de Desarrollo Ambiental;3/11/2020 11:00;0;0;30.17;0;12.88;5.7;8.64;101.87;4.99;86.15;-12.10972;-77.05194;1008.99;18.95
61;10069;150122;PE;Subgerencia de Desarrollo Ambiental;3/11/2020 12:00;0;0;38.85;0.18;13.96;5.44;8.52;101.48;4.38;83.11;-12.10972;-77.05194;1008.56;19.37
62;10069;150122;PE;Subgerencia de Desarrollo Ambiental;3/11/2020 13:00;0;0;50.27;0.03;11.74;4.53;8.42;96.85;2.01;85.31;-12.10972;-77.05194;1008.04;19.09
63;10069;150122;PE;Subgerencia de Desarrollo Ambiental;3/11/2020 14:00;0;0;59.38;0;9.36;4.22;8.44;99.3;0.85;84.73;-12.10972;-77.05194;1007.41;19.38
64;10069;150122;PE;Subgerencia de Desarrollo Ambiental;16/11/2020 20:00;275.25;35.45;132.13;0;48;15.03;1477.42;94.67;0;87.83;-12.10972;-77.05194;1007.46;18.09
65;10069;150122;PE;Subgerencia de Desarrollo Ambiental;16/11/2020 21:00;285.22;28.86;128.66;0;47.6;15.71;1479.23;92.64;0;87.86;-12.10972;-77.05194;1007.95;18.13
66;10069;150122;PE;Subgerencia de Desarrollo Ambiental;16/11/2020 22:00;206.85;21.93;118.16;0;46.5;15.03;1472.95;89.7;0;88.21;-12.10972;-77.05194;1008.26;18.1
67;10069;150122;PE;Subgerencia de Desarrollo Ambiental;16/11/2020 23:00;150.53;15.88;111.89;0;43.42;14.17;1469.66;83.33;0;88.7;-12.10972;-77.05194;1008.32;18.01
68;10069;150122;PE;Subgerencia de Desarrollo Ambiental;17/11/2020 00:00;58.41;10.43;102.34;0;38.14;13.1;0;83.04;0;88.28;-12.10972;-77.05194;1008.1;17.85
69;10069;150122;PE;Subgerencia de Desarrollo Ambiental;17/11/2020 01:00;27.57;8.51;102.12;0;46.83;15.38;0;81.01;0;88.94;-12.10972;-77.05194;1007.3;17.78
70;10069;150122;PE;Subgerencia de Desarrollo Ambiental;17/11/2020 02:00;30.55;8.72;103.05;0;55.02;17.21;0;74.59;0;91.34;-12.10972;-77.05194;1006.5;17.66
71;10069;150122;PE;Subgerencia de Desarrollo Ambiental;17/11/2020 03:00;38.24;7.26;100.45;0;49.15;18.03;0;71.31;0;91.39;-12.10972;-77.05194;1005.69;17.63
72;10069;150122;PE;Subgerencia de Desarrollo Ambiental;17/11/2020 04:00;45.76;5.88;102.24;0;59.81;24.06;0;75.42;0;89.61;-12.10972;-77.05194;1005.4;17.78
73;10069;150122;PE;Subgerencia de Desarrollo Ambiental;17/11/2020 05:00;52.24;5.65;96.85;0;90.49;28.6;0;69.44;0;89.65;-12.10972;-77.05194;1005.61;17.62
74;10069;150122;PE;Subgerencia de Desarrollo Ambiental;17/11/2020 06:00;91;7.2;102.27;0;113.45;30.16;0;77.73;0;90.08;-12.10972;-77.05194;1005.95;17.33
75;10069;150122;PE;Subgerencia de Desarrollo Ambiental;17/11/2020 07:00;227.24;12.14;117.09;0;87.13;26.36;0;84.95;0.07;90.26;-12.10972;-77.05194;1006.8;17.49
76;10069;150122;PE;Subgerencia de Desarrollo Ambiental;17/11/2020 08:00;431.41;18.7;117.24;0;93.37;26.08;0;85.75;0.22;90.3;-12.10972;-77.05194;1007.7;17.71
77;10069;150122;PE;Subgerencia de Desarrollo Ambiental;17/11/2020 09:00;475.01;17.09;114.94;0;100.65;25.82;0;87.05;0.59;87.32;-12.10972;-77.05194;1007.82;18.47
78;10069;150122;PE;Subgerencia de Desarrollo Ambiental;17/11/2020 13:00;231.89;9.79;48.35;0;72.48;20.48;0;95.63;1.96;75.18;-12.10972;-77.05194;1007.45;21.46
79;10069;150122;PE;Subgerencia de Desarrollo Ambiental;17/11/2020 14:00;54.23;12.56;48.16;1.3;72.26;20.45;0;96.95;2.11;82.18;-12.10972;-77.05194;1007.14;19.56
80;10069;150122;PE;Subgerencia de Desarrollo Ambiental;17/11/2020 15:00;56.21;14.66;79.36;0;54.51;16.05;0;96.55;1.76;84.5;-12.10972;-77.05194;1006.75;18.92
81;10069;150122;PE;Subgerencia de Desarrollo Ambiental;17/11/2020 16:00;87.3;13.76;83.72;0;65.19;16.13;0;96.86;0.69;77.06;-12.10972;-77.05194;1006.28;20.73
82;10069;150122;PE;Subgerencia de Desarrollo Ambiental;17/11/2020 17:00;175.19;29.32;93.48;0;169.7;28.49;0;98.97;0.6;78.49;-12.10972;-77.05194;1005.99;20.13
83;10069;150122;PE;Subgerencia de Desarrollo Ambiental;17/11/2020 18:00;215.79;32.72;124.53;0;244.66;39.34;0;100.08;0.16;86.47;-12.10972;-77.05194;1006.45;18.26
84;10069;150122;PE;Subgerencia de Desarrollo Ambiental;17/11/2020 19:00;289.68;32.47;139.53;0;282.66;42.64;0;96.51;0;90.03;-12.10972;-77.05194;1007.18;17.58
85;10069;150122;PE;Subgerencia de Desarrollo Ambiental;17/11/2020 20:00;285.08;27.75;136.54;0;326.84;46.76;0;94.15;0;90.95;-12.10972;-77.05194;1007.77;17.43
86;10069;150122;PE;Subgerencia de Desarrollo Ambiental;17/11/2020 21:00;195.69;19.98;125.7;0;378.73;54.34;0;89.75;0;91.78;-12.10972;-77.05194;1008.18;17.18
87;10069;150122;PE;Subgerencia de Desarrollo Ambiental;17/11/2020 22:00;203.84;16.29;118.26;0;369.89;52.43;0;87.38;0;91.65;-12.10972;-77.05194;1008.47;17.18
88;10069;150122;PE;Subgerencia de Desarrollo Ambiental;17/11/2020 23:00;185.69;12.67;114.42;0;407.64;58.44;0;82.86;0;91.41;-12.10972;-77.05194;1008.52;17.22
89;10069;150122;PE;Subgerencia de Desarrollo Ambiental;18/11/2020 00:00;67.69;7.02;99.7;0;390.12;57.82;0;77.65;0;91.66;-12.10972;-77.05194;1008.19;17.11
90;10069;150122;PE;Subgerencia de Desarrollo Ambiental;18/11/2020 01:00;26.94;4.68;93.97;0;309.58;51;0;74.41;0;91.74;-12.10972;-77.05194;1007.46;16.97
91;10069;150122;PE;Subgerencia de Desarrollo Ambiental;18/11/2020 02:00;18.79;2.92;91.18;0;412.23;65.27;0;69.71;0;90.82;-12.10972;-77.05194;1006.86;16.99
92;10069;150122;PE;Subgerencia de Desarrollo Ambiental;18/11/2020 03:00;15.23;2.88;92.09;0;343.34;58.91;0;69.93;0;91.39;-12.10972;-77.05194;1006.27;17.02
93;10069;150122;PE;Subgerencia de Desarrollo Ambiental;18/11/2020 04:00;18.1;4.33;94.05;0;320.98;57.08;0;70.14;0;92.71;-12.10972;-77.05194;1006.12;16.84
94;10069;150122;PE;Subgerencia de Desarrollo Ambiental;18/11/2020 05:00;38.38;5.21;97.23;0;286.66;54.84;0;71.2;0;93.46;-12.10972;-77.05194;1006.25;16.77
95;10069;150122;PE;Subgerencia de Desarrollo Ambiental;18/11/2020 06:00;100.81;4.88;102.24;0;283.95;56.92;0;81.56;0;91.38;-12.10972;-77.05194;1006.81;16.78
96;10069;150122;PE;Subgerencia de Desarrollo Ambiental;18/11/2020 07:00;294.21;11.42;119.37;0;172.62;40.79;0;90.72;0.09;90.93;-12.10972;-77.05194;1007.72;17.2
97;10069;150122;PE;Subgerencia de Desarrollo Ambiental;18/11/2020 08:00;316.9;7.75;111.8;0;112.87;30.25;0;93.12;0.5;84.55;-12.10972;-77.05194;1008.34;18.43
98;10069;150122;PE;Subgerencia de Desarrollo Ambiental;18/11/2020 09:00;234.62;3.28;87.69;0;88.91;22.02;0;96.49;1.24;75.88;-12.10972;-77.05194;1008.72;19.98
99;10069;150122;PE;Subgerencia de Desarrollo Ambiental;18/11/2020 10:00;101.92;4.81;42.79;0;57.57;15.05;0;97.77;3.47;67.09;-12.10972;-77.05194;1008.79;22.29
100;10069;150122;PE;Subgerencia de Desarrollo Ambiental;18/11/2020 11:00;73.32;14.81;18.17;8.01;44.96;12.94;0;98.55;5.43;62.26;-12.10972;-77.05194;1008.3;23.54
101;10069;150122;PE;Subgerencia de Desarrollo Ambiental;18/11/2020 12:00;70.95;19.86;18.81;9.87;51.94;14.2;0;98.73;5.03;60.81;-12.10972;-77.05194;1007.91;24.31
102;10069;150122;PE;Subgerencia de Desarrollo Ambiental;18/11/2020 13:00;76.46;27.41;28.9;7.98;56.74;15.19;0;98.67;2.39;61;-12.10972;-77.05194;1007.33;24.48
103;10069;150122;PE;Subgerencia de Desarrollo Ambiental;18/11/2020 14:00;115.97;29.5;53.34;0;83.14;19.53;0;100.71;1.2;64.44;-12.10972;-77.05194;1006.49;23.49
104;10069;150122;PE;Subgerencia de Desarrollo Ambiental;18/11/2020 15:00;116.91;29.45;84;0;74.13;19.46;0;100.57;0.62;70.05;-12.10972;-77.05194;1005.86;21.87
105;10069;150122;PE;Subgerencia de Desarrollo Ambiental;18/11/2020 16:00;122.99;29.19;98.03;0;63.66;18.03;0;98.76;0.47;73.46;-12.10972;-77.05194;1005.57;20.75
106;10069;150122;PE;Subgerencia de Desarrollo Ambiental;18/11/2020 17:00;105.82;29.42;111.08;0;43.71;15.35;0;96.68;0.5;80.58;-12.10972;-77.05194;1005.49;18.76
107;10069;150122;PE;Subgerencia de Desarrollo Ambiental;18/11/2020 18:00;182.28;34.07;121.19;0;53.05;18.05;0;95.12;0.21;86.82;-12.10972;-77.05194;1005.94;17.38
108;10069;150122;PE;Subgerencia de Desarrollo Ambiental;18/11/2020 19:00;180.93;32.2;124.52;0;55.71;19.45;0;93.04;0;89.92;-12.10972;-77.05194;1006.83;16.72
109;10069;150122;PE;Subgerencia de Desarrollo Ambiental;18/11/2020 20:00;152.17;24.8;120.72;0;76.63;22.21;0;91.9;0;91.69;-12.10972;-77.05194;1007.72;16.31
110;10069;150122;PE;Subgerencia de Desarrollo Ambiental;18/11/2020 21:00;175.61;22.01;121.97;0;100.94;25.43;0;89.89;0;92.62;-12.10972;-77.05194;1008.26;16.19
111;10069;150122;PE;Subgerencia de Desarrollo Ambiental;18/11/2020 22:00;144.72;17.29;115.51;0;114.94;27.14;0;87.16;0;93.63;-12.10972;-77.05194;1008.58;15.98
112;10069;150122;PE;Subgerencia de Desarrollo Ambiental;18/11/2020 23:00;241.26;17.41;124.87;0;290.41;50.4;0;82.52;0;93.94;-12.10972;-77.05194;1008.66;16.14
113;10069;150122;PE;Subgerencia de Desarrollo Ambiental;19/11/2020 00:00;213.69;14.5;120.04;0;315.64;52.64;0;76.95;0;93.76;-12.10972;-77.05194;1008.23;16.45
114;10069;150122;PE;Subgerencia de Desarrollo Ambiental;19/11/2020 01:00;215.25;12.32;110.79;0;335.16;50.87;0;82.63;0;95;-12.10972;-77.05194;1007.85;16.47
115;10069;150122;PE;Subgerencia de Desarrollo Ambiental;19/11/2020 02:00;76.54;6.05;100.31;0;153.1;35.22;0;72.51;0;95.75;-12.10972;-77.05194;1007.54;16.46
116;10069;150122;PE;Subgerencia de Desarrollo Ambiental;19/11/2020 03:00;79.65;5.74;98.6;0;162.81;39.95;0;74.58;0;95.3;-12.10972;-77.05194;1007.19;16.55
117;10069;150122;PE;Subgerencia de Desarrollo Ambiental;19/11/2020 04:00;78.84;4.95;102.45;0;162.22;43.04;0;71.12;0;95.45;-12.10972;-77.05194;1007.06;16.48
118;10069;150122;PE;Subgerencia de Desarrollo Ambiental;19/11/2020 06:00;129.29;8.77;104.02;0;124.7;50.72;0;84.39;0;96.39;-12.10972;-77.05194;1007.92;16.03
119;10069;150122;PE;Subgerencia de Desarrollo Ambiental;19/11/2020 07:00;186.07;6.46;110.07;0;105.8;38.96;0;91.08;0.03;97.33;-12.10972;-77.05194;1008.56;15.93
120;10069;150122;PE;Subgerencia de Desarrollo Ambiental;19/11/2020 08:00;231.13;4.85;108.57;0;96.25;42.26;0;94.14;0.46;96.42;-12.10972;-77.05194;1008.9;16.39
121;10069;150122;PE;Subgerencia de Desarrollo Ambiental;19/11/2020 09:00;161.53;4.3;82.44;0;67.37;27.55;0;96.84;1.92;92.75;-12.10972;-77.05194;1008.79;17.27
122;10069;150122;PE;Subgerencia de Desarrollo Ambiental;19/11/2020 10:00;96.14;3.05;63.62;0;62.63;21.85;0;97.3;1.58;90.68;-12.10972;-77.05194;1008.97;17.54
123;10069;150122;PE;Subgerencia de Desarrollo Ambiental;19/11/2020 11:00;91.73;4.02;78.49;0;45.5;17.84;0;95.97;1.51;92.19;-12.10972;-77.05194;1008.83;17.22
124;10069;150122;PE;Subgerencia de Desarrollo Ambiental;19/11/2020 12:00;126.32;4.49;78.86;0;28.35;10.37;0;97.68;1.79;90.96;-12.10972;-77.05194;1008.42;17.53
125;10069;150122;PE;Subgerencia de Desarrollo Ambiental;19/11/2020 13:00;87.4;6.65;65.24;3.72;25.38;9.66;0;96.46;2.18;87.54;-12.10972;-77.05194;1007.93;18.36
126;10069;150122;PE;Subgerencia de Desarrollo Ambiental;19/11/2020 14:00;97.82;8.68;66.33;0;39.16;11.94;0;96.99;1.96;85.49;-12.10972;-77.05194;1007.38;18.79
127;10069;150122;PE;Subgerencia de Desarrollo Ambiental;19/11/2020 15:00;162.3;8.41;81.11;0;50.59;14.37;0;96.68;1.21;79.93;-12.10972;-77.05194;1006.9;20.4
128;10069;150122;PE;Subgerencia de Desarrollo Ambiental;19/11/2020 16:00;178.08;15.93;71.56;0;56.53;15.17;0;97.71;0.51;75.27;-12.10972;-77.05194;1006.26;21.2
129;10069;150122;PE;Subgerencia de Desarrollo Ambiental;19/11/2020 17:00;191.38;19.28;96.08;0;119.23;22.84;0;98.28;0.57;74.85;-12.10972;-77.05194;1006.15;21.16
130;10069;150122;PE;Subgerencia de Desarrollo Ambiental;19/11/2020 18:00;268.86;30.81;115.19;0;175.46;28.56;0;98.24;0.26;81.06;-12.10972;-77.05194;1006.53;19.29
131;10069;150122;PE;Subgerencia de Desarrollo Ambiental;19/11/2020 19:00;266.45;30.52;136.87;0;153.77;33.52;0;98.11;0.01;87.82;-12.10972;-77.05194;1007.32;17.77
132;10069;150122;PE;Subgerencia de Desarrollo Ambiental;19/11/2020 20:00;326.15;28.94;144.91;0;212.21;44.31;0;91.58;0;89.51;-12.10972;-77.05194;1008.23;17.61
133;10069;150122;PE;Subgerencia de Desarrollo Ambiental;19/11/2020 21:00;259.62;22.46;129.7;0;144.58;28.56;0;90.93;0;90.38;-12.10972;-77.05194;1008.87;17.38
134;10069;150122;PE;Subgerencia de Desarrollo Ambiental;19/11/2020 22:00;217.99;17.81;122.83;0;156.13;28.16;0;87.19;0;91.47;-12.10972;-77.05194;1009.22;17.16
135;10069;150122;PE;Subgerencia de Desarrollo Ambiental;19/11/2020 23:00;284.21;17.21;122.29;0;176.28;30.61;0;85.27;0;91.41;-12.10972;-77.05194;1009.43;17.17
136;10069;150122;PE;Subgerencia de Desarrollo Ambiental;20/11/2020 00:00;115.48;10.1;104.62;0;142.59;26.03;0;78.89;0;91.67;-12.10972;-77.05194;1009;17.1
137;10069;150122;PE;Subgerencia de Desarrollo Ambiental;20/11/2020 01:00;68.49;8.12;100.09;0;187.8;31.47;0;77.51;0;92.27;-12.10972;-77.05194;1008.35;16.92
138;10069;150122;PE;Subgerencia de Desarrollo Ambiental;20/11/2020 02:00;54.9;6.99;98.68;0;172.16;30.17;0;74.61;0;92.96;-12.10972;-77.05194;1007.58;16.69
139;10069;150122;PE;Subgerencia de Desarrollo Ambiental;20/11/2020 03:00;54.15;6.63;97.63;0;196.63;32.53;0;72.33;0;93.79;-12.10972;-77.05194;1006.77;16.52
140;10069;150122;PE;Subgerencia de Desarrollo Ambiental;20/11/2020 04:00;59.09;6.46;98.31;0;207.37;34.1;0;74.86;0;94.92;-12.10972;-77.05194;1006.54;16.33
141;10069;150122;PE;Subgerencia de Desarrollo Ambiental;20/11/2020 05:00;54.83;5.79;98.3;0;164.07;29.63;0;76.54;0;96.38;-12.10972;-77.05194;1007.17;16.21
142;10069;150122;PE;Subgerencia de Desarrollo Ambiental;20/11/2020 06:00;84.17;5.57;98.2;0;178.03;32.38;0;84.02;0;97.16;-12.10972;-77.05194;1007.63;16.07
143;10069;150122;PE;Subgerencia de Desarrollo Ambiental;20/11/2020 07:00;174.55;5.2;108.14;0;120.86;28.63;0;90.67;0.17;96.61;-12.10972;-77.05194;1008.13;16.41
144;10069;150122;PE;Subgerencia de Desarrollo Ambiental;20/11/2020 08:00;306.12;9.02;98.85;0;61.35;18.07;0;94.09;0.51;94.06;-12.10972;-77.05194;1008.58;17.06
145;10069;150122;PE;Subgerencia de Desarrollo Ambiental;20/11/2020 09:00;423.69;10.65;97.05;0;41.53;13.24;0;95.19;1.07;90.3;-12.10972;-77.05194;1008.62;17.92
146;10069;150122;PE;Subgerencia de Desarrollo Ambiental;20/11/2020 10:00;205.5;5.97;68.68;0;33.34;12.48;0;97.03;1.95;88.44;-12.10972;-77.05194;1008.5;17.8
147;10069;150122;PE;Subgerencia de Desarrollo Ambiental;20/11/2020 11:00;102.42;5.8;66.95;0;48.82;16.88;0;97.41;1.54;89.89;-12.10972;-77.05194;1008.22;17.51
148;10069;150122;PE;Subgerencia de Desarrollo Ambiental;20/11/2020 12:00;173.27;11.04;79.83;0;48.53;17.41;0;96.47;1.67;87.94;-12.10972;-77.05194;1007.67;18.28
149;10069;150122;PE;Subgerencia de Desarrollo Ambiental;20/11/2020 13:00;192.91;12.01;88.98;0;57.98;18.69;0;94.51;1.18;88.34;-12.10972;-77.05194;1006.97;18
150;10069;150122;PE;Subgerencia de Desarrollo Ambiental;20/11/2020 14:00;117.81;12.7;63.01;2.65;44.94;15.63;0;95.2;1.92;83.85;-12.10972;-77.05194;1006.14;18.94
151;10069;150122;PE;Subgerencia de Desarrollo Ambiental;20/11/2020 15:00;221.67;20.23;83.38;0;66.51;20.48;0;96.7;1.07;86.01;-12.10972;-77.05194;1005.52;18.35
152;10069;150122;PE;Subgerencia de Desarrollo Ambiental;20/11/2020 16:00;218.07;18.9;98.64;0;111.59;29.4;0;98.65;0.95;83.39;-12.10972;-77.05194;1004.87;18.98
153;10069;150122;PE;Subgerencia de Desarrollo Ambiental;20/11/2020 17:00;299.26;25.36;114.62;0;167.23;30.59;0;97.92;0.54;86.49;-12.10972;-77.05194;1004.85;18.12
154;10069;150122;PE;Subgerencia de Desarrollo Ambiental;20/11/2020 18:00;288.4;27.07;120.23;0;151.38;28.87;0;99.16;0.18;88.23;-12.10972;-77.05194;1005.22;17.54
155;10069;150122;PE;Subgerencia de Desarrollo Ambiental;20/11/2020 19:00;329.18;25.91;133.11;0;198.97;41.86;0;96.89;0;91.4;-12.10972;-77.05194;1005.72;16.93
156;10069;150122;PE;Subgerencia de Desarrollo Ambiental;20/11/2020 20:00;303.94;22.23;131.52;0;205.36;42.33;0;93.56;0;92.45;-12.10972;-77.05194;1006.45;16.72
157;10069;150122;PE;Subgerencia de Desarrollo Ambiental;20/11/2020 21:00;303.87;18.7;128.67;0;195.91;40.37;0;91.21;0;93.21;-12.10972;-77.05194;1007.07;16.61
158;10069;150122;PE;Subgerencia de Desarrollo Ambiental;20/11/2020 22:00;225.75;13.61;122.95;0;183.38;44.5;0;89.54;0;93.58;-12.10972;-77.05194;1007.47;16.39
159;10069;150122;PE;Subgerencia de Desarrollo Ambiental;20/11/2020 23:00;294.44;14.2;125.6;0;232.51;50.93;0;87.18;0;94.21;-12.10972;-77.05194;1007.54;16.25
160;10069;150122;PE;Subgerencia de Desarrollo Ambiental;21/11/2020 00:00;171.69;9.39;110.19;0;222.92;38.92;0;83;0;94.62;-12.10972;-77.05194;1007.03;16.12
161;10069;150122;PE;Subgerencia de Desarrollo Ambiental;21/11/2020 01:00;100.35;7.21;103.78;0;265.4;42.42;0;75.97;0;95.45;-12.10972;-77.05194;1006.09;15.91
162;10069;150122;PE;Subgerencia de Desarrollo Ambiental;21/11/2020 02:00;63.65;5.14;98.19;0;164.36;33.89;0;70.91;0;96.41;-12.10972;-77.05194;1005.41;15.65
163;10069;150122;PE;Subgerencia de Desarrollo Ambiental;21/11/2020 03:00;69.96;4.34;96.51;0;163.15;39.04;0;71.62;0;96.97;-12.10972;-77.05194;1005.05;15.76
164;10069;150122;PE;Subgerencia de Desarrollo Ambiental;21/11/2020 04:00;60.85;3.91;93.02;0;199.46;39.91;0;71.37;0;97.11;-12.10972;-77.05194;1004.94;15.69
165;10069;150122;PE;Subgerencia de Desarrollo Ambiental;21/11/2020 05:00;58.64;3.24;92.4;0;121.04;26.04;0;72.94;0;97.78;-12.10972;-77.05194;1005.19;15.62
166;10069;150122;PE;Subgerencia de Desarrollo Ambiental;21/11/2020 06:00;88.77;3.98;95.47;0;90.87;23.17;0;78.81;0;98.06;-12.10972;-77.05194;1005.8;15.51
167;10069;150122;PE;Subgerencia de Desarrollo Ambiental;21/11/2020 07:00;188.79;6.62;104.02;0;143.39;30.43;0;89.17;0.02;98.22;-12.10972;-77.05194;1006.52;15.5
168;10069;150122;PE;Subgerencia de Desarrollo Ambiental;21/11/2020 08:00;197.57;4.53;102.39;0;136.45;31.8;0;92.41;0.22;97.45;-12.10972;-77.05194;1007.25;15.87
169;10069;150122;PE;Subgerencia de Desarrollo Ambiental;21/11/2020 09:00;198.96;3.98;94.88;0;60.12;19.84;0;93.43;0.78;93.48;-12.10972;-77.05194;1007.75;16.76
170;10069;150122;PE;Subgerencia de Desarrollo Ambiental;21/11/2020 10:00;80.72;3.18;63.07;0;40.57;13.81;0;94.91;2.03;87.19;-12.10972;-77.05194;1007.62;18.08
171;10069;150122;PE;Subgerencia de Desarrollo Ambiental;21/11/2020 11:00;76.72;11.59;34.87;8.51;30.35;10.77;0;97.23;4.82;78.53;-12.10972;-77.05194;1006.88;20.38
172;10069;150122;PE;Subgerencia de Desarrollo Ambiental;21/11/2020 12:00;72.62;9.67;25.66;0;37.12;11.36;0;98.28;4.74;71.03;-12.10972;-77.05194;1006.29;21.86
173;10069;150122;PE;Subgerencia de Desarrollo Ambiental;21/11/2020 13:00;99.53;17.46;30.12;6.25;37.9;10.78;0;99.34;2.58;66.57;-12.10972;-77.05194;1005.79;22.76
174;10069;150122;PE;Subgerencia de Desarrollo Ambiental;21/11/2020 14:00;150.93;17.3;56.93;9.78;40.18;12.03;0;98.33;1.32;67.84;-12.10972;-77.05194;1005.28;22.1
175;10069;150122;PE;Subgerencia de Desarrollo Ambiental;21/11/2020 15:00;136.95;25.28;53.81;0;36.34;11.97;0;98.19;1.41;66.32;-12.10972;-77.05194;1004.79;22.56
176;10069;150122;PE;Subgerencia de Desarrollo Ambiental;21/11/2020 16:00;141.49;24.57;83.54;0;41.97;14.23;0;96.75;0.68;74.55;-12.10972;-77.05194;1004.43;20.21
177;10069;150122;PE;Subgerencia de Desarrollo Ambiental;21/11/2020 17:00;126.44;27.24;107.14;0;40.85;14.28;0;94.03;0.48;79.82;-12.10972;-77.05194;1004.11;19.04
178;10069;150122;PE;Subgerencia de Desarrollo Ambiental;21/11/2020 18:00;155.5;32.68;111.26;0;52.15;16.93;0;92.26;0.22;86.23;-12.10972;-77.05194;1004.31;17.57
179;10069;150122;PE;Subgerencia de Desarrollo Ambiental;21/11/2020 19:00;357.55;37.31;133.36;0;77.01;20.31;0;92.57;0.01;90.1;-12.10972;-77.05194;1004.75;16.87
180;10069;150122;PE;Subgerencia de Desarrollo Ambiental;21/11/2020 20:00;302.73;30.37;130.36;0;70.85;20.39;0;90.4;0;91.19;-12.10972;-77.05194;1005.62;16.73
181;10069;150122;PE;Subgerencia de Desarrollo Ambiental;21/11/2020 21:00;286.66;23.93;125.52;0;100.44;24.03;0;90.17;0;92.45;-12.10972;-77.05194;1005.85;16.43
182;10069;150122;PE;Subgerencia de Desarrollo Ambiental;21/11/2020 22:00;308.49;20.55;125.77;0;82.5;23.99;0;87.83;0;93.15;-12.10972;-77.05194;1006.09;16.33
183;10069;150122;PE;Subgerencia de Desarrollo Ambiental;21/11/2020 23:00;187.3;12.48;113.86;0;67.23;21.1;0;84.11;0;93.29;-12.10972;-77.05194;1006.09;16.41
184;10069;150122;PE;Subgerencia de Desarrollo Ambiental;22/11/2020 00:00;95.72;8.54;101.74;0;68.69;19.71;0;77.43;0;93.34;-12.10972;-77.05194;1005.47;16.31
185;10069;150122;PE;Subgerencia de Desarrollo Ambiental;22/11/2020 01:00;63.36;6.56;97.73;0;62.64;17.9;0;72.13;0;93.28;-12.10972;-77.05194;1004.73;16.31
186;10069;150122;PE;Subgerencia de Desarrollo Ambiental;22/11/2020 02:00;62.52;7.09;95.52;0;103.52;23.88;0;71.06;0;94.39;-12.10972;-77.05194;1004.15;16.02
187;10069;150122;PE;Subgerencia de Desarrollo Ambiental;22/11/2020 03:00;60.23;6.06;98.18;0;92.48;23.23;0;70.27;0;95.12;-12.10972;-77.05194;1003.77;15.93
188;10069;150122;PE;Subgerencia de Desarrollo Ambiental;22/11/2020 04:00;51.08;4.01;95.63;0;74.97;19.34;0;69.9;0;94.5;-12.10972;-77.05194;1003.81;16.21
189;10069;150122;PE;Subgerencia de Desarrollo Ambiental;22/11/2020 05:00;53;2.97;90.31;0;57.92;15.26;0;72.22;0;93.24;-12.10972;-77.05194;1004.43;16.31
190;10069;150122;PE;Subgerencia de Desarrollo Ambiental;22/11/2020 06:00;96.89;4.09;96.56;0;63.43;17.3;0;75.85;0;92.58;-12.10972;-77.05194;1005.11;16.52
191;10069;150122;PE;Subgerencia de Desarrollo Ambiental;22/11/2020 07:00;116.17;3.69;100.87;0;64.1;15.6;0;82.75;0.18;90.99;-12.10972;-77.05194;1005.82;17.14
192;10069;150122;PE;Subgerencia de Desarrollo Ambiental;22/11/2020 08:00;120.56;5.29;96.34;0;60.89;15.21;0;83.77;0.38;90.14;-12.10972;-77.05194;1006.16;17.62
193;10069;150122;PE;Subgerencia de Desarrollo Ambiental;22/11/2020 09:00;308.07;10.43;100.78;0;45.51;13.94;0;88.58;0.6;88.69;-12.10972;-77.05194;1006.54;17.99
194;10069;150122;PE;Subgerencia de Desarrollo Ambiental;22/11/2020 10:00;155.17;8.94;76.68;0;33.28;9.7;0;88.98;2.4;79.22;-12.10972;-77.05194;1006.58;20.38
195;10069;150122;PE;Subgerencia de Desarrollo Ambiental;22/11/2020 11:00;128.75;7.1;21.16;4.87;30.4;9.04;0;91.45;4.59;71.03;-12.10972;-77.05194;1006.09;22.34
196;10069;150122;PE;Subgerencia de Desarrollo Ambiental;22/11/2020 12:00;175.58;11.32;27.38;7.3;34.76;9.19;0;94.06;4.91;66.89;-12.10972;-77.05194;1005.59;23.31
197;10069;150122;PE;Subgerencia de Desarrollo Ambiental;22/11/2020 13:00;117.55;27.04;23.61;12.6;37.44;10.37;0;99.72;2.46;67.01;-12.10972;-77.05194;1005.17;23
198;10069;150122;PE;Subgerencia de Desarrollo Ambiental;22/11/2020 14:00;42.09;20.87;76.59;5.36;58.36;14.08;0;102.65;1.77;76.8;-12.10972;-77.05194;1004.91;20.22
199;10069;150122;PE;Subgerencia de Desarrollo Ambiental;22/11/2020 15:00;62.92;28.19;97.21;0;48.88;11.74;0;93.33;0.94;82.45;-12.10972;-77.05194;1004.85;18.53
200;10069;150122;PE;Subgerencia de Desarrollo Ambiental;22/11/2020 16:00;73.76;26.01;102.37;0;43.63;12.4;0;89.76;0.35;86.8;-12.10972;-77.05194;1004.59;17.29
201;10069;150122;PE;Subgerencia de Desarrollo Ambiental;22/11/2020 17:00;92.71;20.86;108.62;0;37.53;12.16;0;90.31;0.6;89.06;-12.10972;-77.05194;1004.75;17.11
202;10069;150122;PE;Subgerencia de Desarrollo Ambiental;22/11/2020 18:00;119.25;20.15;101.58;0;42.45;13.06;0;87.46;0.26;88.06;-12.10972;-77.05194;1004.85;17.43
203;10069;150122;PE;Subgerencia de Desarrollo Ambiental;22/11/2020 19:00;169.89;22.11;110.41;0;52.72;15.19;0;86.72;0;91.36;-12.10972;-77.05194;1005.34;16.48
204;10069;150122;PE;Subgerencia de Desarrollo Ambiental;22/11/2020 20:00;186.42;20.3;119.52;0;109.34;20.95;0;89.21;0;92.07;-12.10972;-77.05194;1006.06;16.46
205;10069;150122;PE;Subgerencia de Desarrollo Ambiental;22/11/2020 21:00;279.22;19.46;123.41;0;139.06;24.25;0;85.48;0;92.6;-12.10972;-77.05194;1006.6;16.44
206;10069;150122;PE;Subgerencia de Desarrollo Ambiental;22/11/2020 22:00;251.29;15.48;119.25;0;144.11;23.87;0;85.9;0;92.06;-12.10972;-77.05194;1006.97;16.46
207;10069;150122;PE;Subgerencia de Desarrollo Ambiental;22/11/2020 23:00;197.18;11.89;113.33;0;128.89;24.43;0;82.34;0;92.79;-12.10972;-77.05194;1006.97;16.32
208;10069;150122;PE;Subgerencia de Desarrollo Ambiental;23/11/2020 00:00;132.81;9.23;104.57;0;77.18;21.09;0;75.33;0;93.25;-12.10972;-77.05194;1006.55;16.19
209;10069;150122;PE;Subgerencia de Desarrollo Ambiental;23/11/2020 01:00;100.63;6.78;100.81;0;86.92;20.29;0;70.68;0;93.93;-12.10972;-77.05194;1006.07;16.03
210;10069;150122;PE;Subgerencia de Desarrollo Ambiental;23/11/2020 02:00;78.71;5;100.59;0;122.01;21.99;0;71.07;0;93.74;-12.10972;-77.05194;1005.46;16.14
211;10069;150122;PE;Subgerencia de Desarrollo Ambiental;23/11/2020 03:00;71.64;2.13;92.82;0;86.12;19.02;0;73.5;0;92.72;-12.10972;-77.05194;1004.89;16.27
212;10069;150122;PE;Subgerencia de Desarrollo Ambiental;23/11/2020 04:00;74.01;1.26;88.82;0;50.71;16.72;0;69.79;0;91.63;-12.10972;-77.05194;1004.9;16.23
213;10069;150122;PE;Subgerencia de Desarrollo Ambiental;23/11/2020 05:00;64.16;1.52;88.62;0;43.95;13.55;0;75.44;0;90.8;-12.10972;-77.05194;1005.07;16.37
214;10069;150122;PE;Subgerencia de Desarrollo Ambiental;23/11/2020 06:00;106.9;2.65;95.65;0;45.57;12.98;0;80.2;0;90.87;-12.10972;-77.05194;1005.52;16.37
215;10069;150122;PE;Subgerencia de Desarrollo Ambiental;23/11/2020 07:00;190.13;3.78;102.85;0;48.38;12.5;0;89.7;0.11;89.83;-12.10972;-77.05194;1006.19;16.7
216;10069;150122;PE;Subgerencia de Desarrollo Ambiental;23/11/2020 08:00;374.23;11.47;107.77;0;41.18;11.09;0;95.25;0.4;89.98;-12.10972;-77.05194;1006.7;17.11
217;10069;150122;PE;Subgerencia de Desarrollo Ambiental;23/11/2020 09:00;227.47;4.58;89.65;0;34.08;10.33;0;94.05;0.8;87.88;-12.10972;-77.05194;1007.02;17.35
218;10069;150122;PE;Subgerencia de Desarrollo Ambiental;23/11/2020 10:00;131.07;3.72;74.72;0;28.6;8.83;0;95.17;1.62;84.81;-12.10972;-77.05194;1006.85;17.99
219;10069;150122;PE;Subgerencia de Desarrollo Ambiental;23/11/2020 11:00;96.83;5.02;59.16;0;26.26;8.28;0;96.68;4.66;79.06;-12.10972;-77.05194;1006.36;19.84
220;10069;150122;PE;Subgerencia de Desarrollo Ambiental;23/11/2020 12:00;116.48;21.72;26.62;12.87;26.24;8.57;0;99.32;4.49;71.84;-12.10972;-77.05194;1005.84;21.8
221;10069;150122;PE;Subgerencia de Desarrollo Ambiental;23/11/2020 13:00;111.18;15.77;57;10.74;38.51;15.54;0;98.48;2.26;78.03;-12.10972;-77.05194;1005.57;19.65
222;10069;150122;PE;Subgerencia de Desarrollo Ambiental;23/11/2020 14:00;96.12;12.67;78.41;0;27.02;10.37;0;96.14;1.53;79.59;-12.10972;-77.05194;1005.21;19.22
223;10069;150122;PE;Subgerencia de Desarrollo Ambiental;23/11/2020 15:00;118.4;17.31;71.92;0;41.33;11.01;0;97.35;1.25;79.29;-12.10972;-77.05194;1004.86;19.59
224;10069;150122;PE;Subgerencia de Desarrollo Ambiental;23/11/2020 16:00;143.22;17.88;80.96;0;42.15;10.31;0;97.79;0.88;73.53;-12.10972;-77.05194;1004.52;21.44
225;10069;150122;PE;Subgerencia de Desarrollo Ambiental;23/11/2020 17:00;162.95;25.04;94.79;0;52.41;11.9;0;99.6;0.43;75.28;-12.10972;-77.05194;1004.44;20.84
226;10069;150122;PE;Subgerencia de Desarrollo Ambiental;23/11/2020 18:00;269.59;36.7;118.49;0;75.06;14.88;0;101.04;0.18;82.05;-12.10972;-77.05194;1005.14;18.85
227;10069;150122;PE;Subgerencia de Desarrollo Ambiental;23/11/2020 19:00;309.95;34.86;135.43;0;92.18;17.76;0;100.56;0;87.29;-12.10972;-77.05194;1005.87;17.62
228;10069;150122;PE;Subgerencia de Desarrollo Ambiental;23/11/2020 20:00;320.76;29.96;138.04;0;95.2;17.53;0;95.32;0;88.54;-12.10972;-77.05194;1006.33;17.39
229;10069;150122;PE;Subgerencia de Desarrollo Ambiental;23/11/2020 21:00;304.35;23.81;129.14;0;83.05;15.98;0;95.11;0;87.95;-12.10972;-77.05194;1006.73;17.39
230;10069;150122;PE;Subgerencia de Desarrollo Ambiental;23/11/2020 22:00;232.53;17.56;119.74;0;107.11;18.2;0;90.37;0;88.39;-12.10972;-77.05194;1006.9;17.19
231;10069;150122;PE;Subgerencia de Desarrollo Ambiental;23/11/2020 23:00;177.38;13.65;114.2;0;99.19;18.34;0;87.21;0;90.11;-12.10972;-77.05194;1006.7;16.87
232;10069;150122;PE;Subgerencia de Desarrollo Ambiental;24/11/2020 00:00;128.97;11.05;108.4;0;115.37;19.99;0;78.91;0;91.58;-12.10972;-77.05194;1006.39;16.58
233;10069;150122;PE;Subgerencia de Desarrollo Ambiental;24/11/2020 01:00;102.77;9.31;103.77;0;126.32;21.1;0;81.72;0;92.99;-12.10972;-77.05194;1005.79;16.37
234;10069;150122;PE;Subgerencia de Desarrollo Ambiental;24/11/2020 02:00;66.92;7.3;99.02;0;119.74;20.44;0;70.72;0;93.65;-12.10972;-77.05194;1005.1;16.2
235;10069;150122;PE;Subgerencia de Desarrollo Ambiental;24/11/2020 03:00;58.5;5.36;96.39;0;80.11;16.93;0;70.84;0;93.33;-12.10972;-77.05194;1004.69;16.14
236;10069;150122;PE;Subgerencia de Desarrollo Ambiental;24/11/2020 04:00;54.78;4.73;94.6;0;99.37;19.52;0;70.81;0;93.34;-12.10972;-77.05194;1004.62;16
237;10069;150122;PE;Subgerencia de Desarrollo Ambiental;24/11/2020 05:00;67.74;5.47;99.43;0;105.14;22.07;0;73.29;0;94.71;-12.10972;-77.05194;1004.94;15.81
238;10069;150122;PE;Subgerencia de Desarrollo Ambiental;24/11/2020 06:00;112.29;5.53;105.68;0;79.62;18.72;0;82.33;0;95.88;-12.10972;-77.05194;1005.52;15.79
239;10069;150122;PE;Subgerencia de Desarrollo Ambiental;24/11/2020 07:00;291.3;10;117.08;0;65.51;18.3;0;92.09;0.15;95.22;-12.10972;-77.05194;1006.23;16.35
240;10069;150122;PE;Subgerencia de Desarrollo Ambiental;24/11/2020 08:00;222.63;6.22;99.54;0;68.17;19.18;0;93.95;0.41;93.49;-12.10972;-77.05194;1006.77;16.64
241;10069;150122;PE;Subgerencia de Desarrollo Ambiental;24/11/2020 09:00;247.74;5.83;98.41;0;80.36;21.87;0;94.58;0.83;92.62;-12.10972;-77.05194;1007.18;17.08
242;10069;150122;PE;Subgerencia de Desarrollo Ambiental;24/11/2020 10:00;233.8;6.21;87.82;0;71.15;19.9;0;96.28;1.41;88.13;-12.10972;-77.05194;1007.48;18.25
243;10069;150122;PE;Subgerencia de Desarrollo Ambiental;24/11/2020 11:00;97.99;8.75;52.2;6.44;34.3;11.54;0;98.32;4.05;82.23;-12.10972;-77.05194;1007.32;19.52
244;10069;150122;PE;Subgerencia de Desarrollo Ambiental;24/11/2020 12:00;93.64;14.63;29.68;12.49;36.06;11.69;0;98.09;3.19;73.7;-12.10972;-77.05194;1006.74;21.54
245;10069;150122;PE;Subgerencia de Desarrollo Ambiental;24/11/2020 13:00;90.69;16.82;46.08;8.12;35.66;12.55;0;98.14;2.62;77.95;-12.10972;-77.05194;1006.24;20.13
246;10069;150122;PE;Subgerencia de Desarrollo Ambiental;24/11/2020 14:00;120.96;18.37;66.04;8.14;42.51;14.33;0;99.59;1.98;78.79;-12.10972;-77.05194;1005.78;19.77
247;10069;150122;PE;Subgerencia de Desarrollo Ambiental;24/11/2020 15:00;121.32;18.49;87.89;0;40.03;13.67;0;97.22;1.57;83.42;-12.10972;-77.05194;1005.54;18.42
248;10069;150122;PE;Subgerencia de Desarrollo Ambiental;24/11/2020 16:00;167.95;18.06;99.52;0;42.62;12.94;0;96.39;0.7;80.14;-12.10972;-77.05194;1005.2;19.8
249;10069;150122;PE;Subgerencia de Desarrollo Ambiental;24/11/2020 17:00;224.2;21.72;101.8;0;49.08;13.83;0;95.86;0.3;75.64;-12.10972;-77.05194;1005.18;20.82
250;10069;150122;PE;Subgerencia de Desarrollo Ambiental;24/11/2020 18:00;233.47;29.4;109.22;0;85.2;17.76;0;99.07;0.11;80.48;-12.10972;-77.05194;1005.83;18.96
251;10069;150122;PE;Subgerencia de Desarrollo Ambiental;24/11/2020 19:00;283.45;29.25;127.72;0;133.9;22.75;0;97.77;0;84.57;-12.10972;-77.05194;1006.68;17.63
252;10069;150122;PE;Subgerencia de Desarrollo Ambiental;24/11/2020 20:00;285.29;26.26;128.71;0;125.71;22.16;0;95.62;0;86.11;-12.10972;-77.05194;1007.4;17.28
253;10069;150122;PE;Subgerencia de Desarrollo Ambiental;24/11/2020 21:00;249.38;21.94;125.6;0;124.44;22.26;0;91.53;0;87.61;-12.10972;-77.05194;1007.89;17.08
254;10069;150122;PE;Subgerencia de Desarrollo Ambiental;24/11/2020 22:00;234.62;18.35;121.21;0;148.71;24.82;0;88.79;0;89.36;-12.10972;-77.05194;1008.12;16.92
255;10069;150122;PE;Subgerencia de Desarrollo Ambiental;24/11/2020 23:00;210.81;15.98;118.63;0;163.57;26.73;0;83.6;0;90.73;-12.10972;-77.05194;1008.19;16.78
256;10069;150122;PE;Subgerencia de Desarrollo Ambiental;25/11/2020 00:00;131.42;11.83;107.52;0;173.21;28.54;0;77.68;0;91.71;-12.10972;-77.05194;1007.85;16.66
257;10069;150122;PE;Subgerencia de Desarrollo Ambiental;25/11/2020 01:00;88.35;8.31;103.17;0;110.69;24.54;0;71.84;0;92.55;-12.10972;-77.05194;1007.08;16.49
258;10069;150122;PE;Subgerencia de Desarrollo Ambiental;25/11/2020 02:00;47.87;6;94.55;0;73.52;20.44;0;70.09;0;93.25;-12.10972;-77.05194;1006.38;16.37
259;10069;150122;PE;Subgerencia de Desarrollo Ambiental;25/11/2020 03:00;44.61;4.65;92.39;0;75.57;21.01;0;70.05;0;93.09;-12.10972;-77.05194;1005.85;16.29
260;10069;150122;PE;Subgerencia de Desarrollo Ambiental;25/11/2020 04:00;48.88;4.12;94.59;0;75.32;21.03;0;70.63;0;93.07;-12.10972;-77.05194;1005.8;16.3
261;10069;150122;PE;Subgerencia de Desarrollo Ambiental;25/11/2020 05:00;69.71;4.55;98.17;0;78.99;22.13;0;71.58;0;93.26;-12.10972;-77.05194;1006.03;16.36
262;10069;150122;PE;Subgerencia de Desarrollo Ambiental;25/11/2020 06:00;221;11.85;118.88;0;100.24;34.8;0;87.48;0;91.92;-12.10972;-77.05194;1006.68;16.62
263;10069;150122;PE;Subgerencia de Desarrollo Ambiental;25/11/2020 07:00;579.61;25.9;132.28;0;86.29;31.03;0;94.03;0.07;90.22;-12.10972;-77.05194;1007.3;16.9
264;10069;150122;PE;Subgerencia de Desarrollo Ambiental;25/11/2020 08:00;796.09;29.88;135.48;0;69.63;24.72;0;98.52;0.4;87.38;-12.10972;-77.05194;1008.07;17.56
265;10069;150122;PE;Subgerencia de Desarrollo Ambiental;25/11/2020 09:00;715.84;19.77;130.13;0;56.23;16.07;0;96.6;0.86;79.47;-12.10972;-77.05194;1008.44;19.41
266;10069;150122;PE;Subgerencia de Desarrollo Ambiental;25/11/2020 10:00;239.21;5.81;80.55;0;46.35;13.41;0;97.59;2.03;72.02;-12.10972;-77.05194;1008.3;21.18
267;10069;150122;PE;Subgerencia de Desarrollo Ambiental;25/11/2020 11:00;154.9;4.27;36.43;0;35.02;11.74;0;97.62;2.63;67.25;-12.10972;-77.05194;1007.9;22.75
268;10069;150122;PE;Subgerencia de Desarrollo Ambiental;25/11/2020 12:00;72.56;16.6;22.68;8.9;38.4;13.81;0;99.59;4.94;64.12;-12.10972;-77.05194;1007.29;23.45
269;10069;150122;PE;Subgerencia de Desarrollo Ambiental;25/11/2020 13:00;105.43;12.74;38.91;6.86;31.37;13.01;0;98.66;2.31;63.97;-12.10972;-77.05194;1006.76;23.68
270;10069;150122;PE;Subgerencia de Desarrollo Ambiental;25/11/2020 14:00;109.34;16.15;43.06;1.1;31.45;12.34;0;99.25;1.14;62.04;-12.10972;-77.05194;1006.16;23.98
271;10069;150122;PE;Subgerencia de Desarrollo Ambiental;25/11/2020 15:00;151.33;29.55;64.95;3.22;54.83;17.72;0;100.66;0.8;67.17;-12.10972;-77.05194;1005.4;23.03
272;10069;150122;PE;Subgerencia de Desarrollo Ambiental;25/11/2020 16:00;141.4;30.2;104.84;0;52.72;16.62;0;97.65;0.86;81.01;-12.10972;-77.05194;1004.95;19.28
273;10069;150122;PE;Subgerencia de Desarrollo Ambiental;25/11/2020 17:00;147.33;31.61;110.02;0;40.34;12.9;0;95.39;0.76;84.81;-12.10972;-77.05194;1005.01;18.31
274;10069;150122;PE;Subgerencia de Desarrollo Ambiental;25/11/2020 19:00;214.74;30.64;128.21;0;56.85;15.04;0;92.52;0;91.78;-12.10972;-77.05194;1006.28;16.64
275;10069;150122;PE;Subgerencia de Desarrollo Ambiental;25/11/2020 20:00;236.69;25.9;127.76;0;52.21;14.78;0;91.09;0;93.33;-12.10972;-77.05194;1006.73;16.47
276;10069;150122;PE;Subgerencia de Desarrollo Ambiental;25/11/2020 21:00;241.23;22.12;123.69;0;85;19.99;0;90.52;0;93.37;-12.10972;-77.05194;1007.4;16.6
277;10069;150122;PE;Subgerencia de Desarrollo Ambiental;25/11/2020 22:00;217.03;18.08;117.25;0;65.67;18.99;0;87.25;0;93.56;-12.10972;-77.05194;1007.65;16.57
278;10069;150122;PE;Subgerencia de Desarrollo Ambiental;25/11/2020 23:00;213.71;15.39;115.36;0;134.5;26.69;0;82.34;0;92.83;-12.10972;-77.05194;1007.55;16.56
279;10069;150122;PE;Subgerencia de Desarrollo Ambiental;26/11/2020 00:00;118.45;10.68;106.83;0;94.23;22.37;0;76.53;0;93.15;-12.10972;-77.05194;1007.1;16.39
280;10069;150122;PE;Subgerencia de Desarrollo Ambiental;26/11/2020 01:00;62.22;7.55;99.74;0;77.5;19.71;0;71.63;0;94.14;-12.10972;-77.05194;1006.55;16.15
281;10069;150122;PE;Subgerencia de Desarrollo Ambiental;26/11/2020 02:00;52.81;4.72;98.45;0;73.38;18.91;0;70.65;0;94.59;-12.10972;-77.05194;1005.99;16.24
282;10069;150122;PE;Subgerencia de Desarrollo Ambiental;26/11/2020 03:00;45.39;3.27;92.49;0;52.92;15.58;0;71.05;0;93.9;-12.10972;-77.05194;1005.63;16.38
283;10069;150122;PE;Subgerencia de Desarrollo Ambiental;26/11/2020 04:00;48.2;3.22;91.75;0;64.26;17.48;0;71.73;0;93.75;-12.10972;-77.05194;1005.49;16.39
284;10069;150122;PE;Subgerencia de Desarrollo Ambiental;26/11/2020 05:00;60.62;4.06;95.63;0;78.82;21.06;0;74.04;0;94.68;-12.10972;-77.05194;1005.35;16.19
285;10069;150122;PE;Subgerencia de Desarrollo Ambiental;26/11/2020 06:00;232.39;14.79;117.61;0;126.69;47.83;0;90.15;0;94.17;-12.10972;-77.05194;1005.75;16.41
286;10069;150122;PE;Subgerencia de Desarrollo Ambiental;26/11/2020 07:00;429.14;21.05;125.11;0;75.78;38.91;0;96.16;0.19;92.16;-12.10972;-77.05194;1006.46;16.69
287;10069;150122;PE;Subgerencia de Desarrollo Ambiental;26/11/2020 08:00;664.76;25.87;129.81;0;76.08;26.85;0;96.43;0.65;89.11;-12.10972;-77.05194;1006.94;17.86
288;10069;150122;PE;Subgerencia de Desarrollo Ambiental;26/11/2020 09:00;558.17;16.42;115.23;0;60.55;15.95;0;97.62;1.66;82.48;-12.10972;-77.05194;1007.12;19.3
289;10069;150122;PE;Subgerencia de Desarrollo Ambiental;26/11/2020 10:00;135.36;7.87;53.31;0;58.92;13.42;0;99.14;4.06;75.8;-12.10972;-77.05194;1007.07;20.6
290;10069;150122;PE;Subgerencia de Desarrollo Ambiental;26/11/2020 11:00;95.88;9.66;44.75;0;44.73;11.26;0;100.85;4.79;72.66;-12.10972;-77.05194;1006.68;21.24
291;10069;150122;PE;Subgerencia de Desarrollo Ambiental;26/11/2020 12:00;108.45;15.78;54.97;8.28;59.76;14.81;0;100.28;4.24;74.87;-12.10972;-77.05194;1006.24;20.73
292;10069;150122;PE;Subgerencia de Desarrollo Ambiental;26/11/2020 13:00;101.22;13.49;64.15;5.85;69.39;16.06;0;99.84;2.17;71.57;-12.10972;-77.05194;1005.73;21.89
293;10069;150122;PE;Subgerencia de Desarrollo Ambiental;26/11/2020 14:00;143.65;20.17;56.11;7.46;53;15.08;0;101.34;1.14;70.84;-12.10972;-77.05194;1005.53;21.9
294;10069;150122;PE;Subgerencia de Desarrollo Ambiental;26/11/2020 15:00;125.77;21.13;73.12;0.5;51.22;15.11;0;98.71;1.29;77.94;-12.10972;-77.05194;1004.82;20.11
295;10069;150122;PE;Subgerencia de Desarrollo Ambiental;26/11/2020 16:00;120.24;23;93.89;0;47.78;14.85;0;97.68;0.8;80.74;-12.10972;-77.05194;1004.27;19.47
296;10069;150122;PE;Subgerencia de Desarrollo Ambiental;26/11/2020 17:00;136.94;27.05;104.43;0;58.65;16.83;0;98.77;0.68;84.74;-12.10972;-77.05194;1004.17;18.49
297;10069;150122;PE;Subgerencia de Desarrollo Ambiental;26/11/2020 18:00;230.94;32.45;119.63;0;77.48;19.11;0;94.9;0.24;88.38;-12.10972;-77.05194;1004.52;17.84
298;10069;150122;PE;Subgerencia de Desarrollo Ambiental;26/11/2020 19:00;215.1;31.2;124.13;0;64.94;17.04;0;93.06;0;90.98;-12.10972;-77.05194;1005.01;17.03
299;10069;150122;PE;Subgerencia de Desarrollo Ambiental;26/11/2020 20:00;253.55;27.88;130.97;0;121.63;24.25;0;92.35;0;92.99;-12.10972;-77.05194;1005.91;16.94
300;10069;150122;PE;Subgerencia de Desarrollo Ambiental;26/11/2020 21:00;245.85;24;125.62;0;180.25;34.07;0;91.99;0;93.93;-12.10972;-77.05194;1006.61;16.78
301;10069;150122;PE;Subgerencia de Desarrollo Ambiental;26/11/2020 22:00;269.77;19.06;123.13;0;136.59;33.48;0;91.31;0;94.72;-12.10972;-77.05194;1006.85;16.6
302;10069;150122;PE;Subgerencia de Desarrollo Ambiental;26/11/2020 23:00;387.86;21.39;138.28;0;170.75;47.53;0;85.46;0;93.4;-12.10972;-77.05194;1006.61;17.04
303;10069;150122;PE;Subgerencia de Desarrollo Ambiental;27/11/2020 00:00;230.19;12.48;118.14;0;131.08;38.56;0;79.02;0;92.89;-12.10972;-77.05194;1006.22;16.91
304;10069;150122;PE;Subgerencia de Desarrollo Ambiental;27/11/2020 01:00;131.99;9.47;108.4;0;218.91;49.85;0;72.54;0;94.48;-12.10972;-77.05194;1005.85;16.72
305;10069;150122;PE;Subgerencia de Desarrollo Ambiental;27/11/2020 02:00;145.6;9.16;106.18;0;204.52;54.98;0;70.17;0;94.8;-12.10972;-77.05194;1005.3;16.72
306;10069;150122;PE;Subgerencia de Desarrollo Ambiental;27/11/2020 03:00;161.42;8.62;105.63;0;205.68;52.6;0;71.49;0;94.52;-12.10972;-77.05194;1004.72;16.74
307;10069;150122;PE;Subgerencia de Desarrollo Ambiental;27/11/2020 04:00;87.48;5.98;99.12;0;96.85;29.79;0;70.97;0;95.15;-12.10972;-77.05194;1004.7;16.64
308;10069;150122;PE;Subgerencia de Desarrollo Ambiental;27/11/2020 05:00;59.38;5.51;96.76;0;75.72;20.3;0;74.81;0;96.08;-12.10972;-77.05194;1004.87;16.34
309;10069;150122;PE;Subgerencia de Desarrollo Ambiental;27/11/2020 06:00;94.59;6.47;103.19;0;98.69;23.19;0;82;0.02;96.49;-12.10972;-77.05194;1005.22;16.35
310;10069;150122;PE;Subgerencia de Desarrollo Ambiental;27/11/2020 07:00;261.81;9.55;114.73;0;80.92;21.65;0;91.98;0.47;96.08;-12.10972;-77.05194;1006.18;17.02
311;10069;150122;PE;Subgerencia de Desarrollo Ambiental;27/11/2020 08:00;172.28;6;93.11;0;61.41;18.03;0;96.57;2.19;92.27;-12.10972;-77.05194;1006.67;17.86
312;10069;150122;PE;Subgerencia de Desarrollo Ambiental;27/11/2020 09:00;98.85;4.05;62.46;0;42.01;14.09;0;98.53;3.88;89.01;-12.10972;-77.05194;1007.02;18.32
313;10069;150122;PE;Subgerencia de Desarrollo Ambiental;27/11/2020 10:00;66.75;6.37;49.26;0;42.36;13.9;0;99.52;4.84;85.12;-12.10972;-77.05194;1006.98;19.26
314;10069;150122;PE;Subgerencia de Desarrollo Ambiental;27/11/2020 11:00;61.51;16.54;51.89;0;40.2;13.83;0;100.72;4.94;83.05;-12.10972;-77.05194;1006.66;19.86
315;10069;150122;PE;Subgerencia de Desarrollo Ambiental;27/11/2020 12:00;99.87;17.76;59.95;0;38.74;13.6;0;100.57;4.18;82.47;-12.10972;-77.05194;1006.4;20.11
316;10069;150122;PE;Subgerencia de Desarrollo Ambiental;27/11/2020 13:00;99.27;18.47;62.58;0;39.61;14.03;0;100.42;2.52;83.49;-12.10972;-77.05194;1006.25;19.7
317;10069;150122;PE;Subgerencia de Desarrollo Ambiental;27/11/2020 14:00;132.77;19.15;70.65;0;36.49;12.52;0;97.37;2.01;81.85;-12.10972;-77.05194;1005.83;19.98
318;10069;150122;PE;Subgerencia de Desarrollo Ambiental;27/11/2020 15:00;170.67;14.63;63.84;0;39.45;12.29;0;98.18;1.25;75.85;-12.10972;-77.05194;1005.26;21.55
319;10069;150122;PE;Subgerencia de Desarrollo Ambiental;27/11/2020 16:00;248.18;29.24;79.82;0;43.58;12.75;0;98.48;0.64;75.68;-12.10972;-77.05194;1004.78;21.3
320;10069;150122;PE;Subgerencia de Desarrollo Ambiental;27/11/2020 17:00;357.18;34.53;105.76;0;49.3;13.76;0;97.73;0.42;76.5;-12.10972;-77.05194;1004.82;21.1
321;10069;150122;PE;Subgerencia de Desarrollo Ambiental;27/11/2020 18:00;320.16;44.96;116.53;0;63.95;16.17;0;96.72;0.29;84.59;-12.10972;-77.05194;1005.26;18.96
322;10069;150122;PE;Subgerencia de Desarrollo Ambiental;27/11/2020 19:00;333.01;40.25;132.69;0;81.99;19.54;0;94.33;0.01;91.46;-12.10972;-77.05194;1005.9;17.46
323;10069;150122;PE;Subgerencia de Desarrollo Ambiental;27/11/2020 20:00;328.11;34.7;137.08;0;170.77;29.39;0;94.01;0;93.27;-12.10972;-77.05194;1006.65;17.12
324;10069;150122;PE;Subgerencia de Desarrollo Ambiental;27/11/2020 21:00;310.71;28.6;133;0;191.39;32.51;0;92.18;0;93.31;-12.10972;-77.05194;1007.01;17.23
325;10069;150122;PE;Subgerencia de Desarrollo Ambiental;27/11/2020 22:00;265.75;21.82;125.51;0;151.07;28.83;0;88;0;93.58;-12.10972;-77.05194;1007.16;17.44
326;10069;150122;PE;Subgerencia de Desarrollo Ambiental;27/11/2020 23:00;240.47;18.47;115.08;0;172.49;30.77;0;90.75;0;93.27;-12.10972;-77.05194;1007.25;17.64
327;10069;150122;PE;Subgerencia de Desarrollo Ambiental;28/11/2020 00:00;152.9;13.29;106.99;0;210.41;34.32;0;83.89;0;92.89;-12.10972;-77.05194;1006.62;17.54
328;10069;150122;PE;Subgerencia de Desarrollo Ambiental;28/11/2020 01:00;85.42;9.39;101.48;0;232.29;36.99;0;80.32;0;93.24;-12.10972;-77.05194;1005.88;17.39
329;10069;150122;PE;Subgerencia de Desarrollo Ambiental;28/11/2020 02:00;94.89;8.46;99.89;0;209.41;35.75;0;86.66;0;93.6;-12.10972;-77.05194;1005.33;17.29
330;10069;150122;PE;Subgerencia de Desarrollo Ambiental;28/11/2020 03:00;68.71;8.01;100.21;0;216.9;37.83;0;73.06;0;93.99;-12.10972;-77.05194;1004.77;17.25
331;10069;150122;PE;Subgerencia de Desarrollo Ambiental;28/11/2020 04:00;55.63;7.94;98.43;0;92.71;24.72;0;71.31;0;95.78;-12.10972;-77.05194;1004.73;16.91
332;10069;150122;PE;Subgerencia de Desarrollo Ambiental;28/11/2020 05:00;51.61;7.37;98.31;0;71.78;20.65;0;72.5;0;97.42;-12.10972;-77.05194;1005.1;16.73
333;10069;150122;PE;Subgerencia de Desarrollo Ambiental;28/11/2020 06:00;81.91;7.4;101.93;0;112.22;25.62;0;82.2;0.01;98.05;-12.10972;-77.05194;1005.74;16.72
334;10069;150122;PE;Subgerencia de Desarrollo Ambiental;28/11/2020 07:00;147.94;7.42;104.65;0;96.73;25.78;0;89.77;0.16;97.67;-12.10972;-77.05194;1006.59;17.13
335;10069;150122;PE;Subgerencia de Desarrollo Ambiental;28/11/2020 08:00;199.48;7.82;98.78;0;71.08;25.87;0;92.48;0.33;95.81;-12.10972;-77.05194;1007.24;17.42
336;10069;150122;PE;Subgerencia de Desarrollo Ambiental;28/11/2020 09:00;117.68;8.98;78.32;0;42.83;16.8;0;94.87;3.51;91.42;-12.10972;-77.05194;1007.25;18.75
337;10069;150122;PE;Subgerencia de Desarrollo Ambiental;28/11/2020 10:00;103.44;12.28;35.71;2.62;30.7;12.57;0;96.82;4.16;85.7;-12.10972;-77.05194;1007.07;20.18
338;10069;150122;PE;Subgerencia de Desarrollo Ambiental;28/11/2020 11:00;82.2;9.9;51.6;0;35.12;14.67;0;96.9;3.43;85.43;-12.10972;-77.05194;1006.77;19.84
339;10069;150122;PE;Subgerencia de Desarrollo Ambiental;28/11/2020 12:00;107.14;17.83;47.08;4.98;33.67;14.28;0;97.08;2.76;84.41;-12.10972;-77.05194;1006.27;20.03
340;10069;150122;PE;Subgerencia de Desarrollo Ambiental;28/11/2020 13:00;104.05;19.68;58.59;0;32.96;13.89;0;96.81;2.41;84.86;-12.10972;-77.05194;1005.99;19.82
341;10069;150122;PE;Subgerencia de Desarrollo Ambiental;28/11/2020 14:00;151.32;21.37;70.81;0;33.96;13.72;0;96.07;2.07;83.12;-12.10972;-77.05194;1005.23;20.32
342;10069;150122;PE;Subgerencia de Desarrollo Ambiental;28/11/2020 15:00;183.19;24.63;80.5;0;36.35;14.68;0;95.64;1.71;84.38;-12.10972;-77.05194;1004.56;20.1
343;10069;150122;PE;Subgerencia de Desarrollo Ambiental;28/11/2020 16:00;185.94;30.64;88.74;0;42.17;14.7;0;95.12;1.31;83.48;-12.10972;-77.05194;1004.35;20.2
344;10069;150122;PE;Subgerencia de Desarrollo Ambiental;28/11/2020 17:00;217.46;40.33;104.09;0;67.68;19.14;0;97.46;0.55;87.53;-12.10972;-77.05194;1004.57;18.89
345;10069;150122;PE;Subgerencia de Desarrollo Ambiental;28/11/2020 18:00;257.36;35.08;129.93;0;108.02;25.24;0;96.11;0.2;91.77;-12.10972;-77.05194;1005.18;18.03
346;10069;150122;PE;Subgerencia de Desarrollo Ambiental;28/11/2020 19:00;322.45;34.73;133.21;0;117.31;26.01;0;97.81;0.01;93.42;-12.10972;-77.05194;1005.75;17.58
347;10069;150122;PE;Subgerencia de Desarrollo Ambiental;28/11/2020 20:00;322.61;28.95;137.57;0;134.7;29.49;0;94.45;0;94.02;-12.10972;-77.05194;1006.35;17.79
348;10069;150122;PE;Subgerencia de Desarrollo Ambiental;28/11/2020 21:00;313.44;24.46;128.26;0;145.68;30.37;0;93.43;0;93.64;-12.10972;-77.05194;1007;17.88
349;10069;150122;PE;Subgerencia de Desarrollo Ambiental;28/11/2020 22:00;276.92;20.18;121.17;0;137.52;28.09;0;92.83;0;93.49;-12.10972;-77.05194;1007.29;17.91
350;10069;150122;PE;Subgerencia de Desarrollo Ambiental;28/11/2020 23:00;231.9;16.19;114.7;0;128.95;28.11;0;95.22;0;94;-12.10972;-77.05194;1007.1;17.82
351;10069;150122;PE;Subgerencia de Desarrollo Ambiental;29/11/2020 00:00;167.17;12.14;108.14;0;152.79;30.5;0;88.65;0;94.63;-12.10972;-77.05194;1006.46;17.68
352;10069;150122;PE;Subgerencia de Desarrollo Ambiental;29/11/2020 01:00;118.33;9.2;102.39;0;172.77;32.56;0;79.08;0;95.41;-12.10972;-77.05194;1005.77;17.55
353;10069;150122;PE;Subgerencia de Desarrollo Ambiental;29/11/2020 02:00;75.15;7.51;99.48;0;157.53;31.55;0;77.19;0;95.75;-12.10972;-77.05194;1005.13;17.51
354;10069;150122;PE;Subgerencia de Desarrollo Ambiental;29/11/2020 03:00;61.55;7.55;97.2;0;135.1;29.98;0;73.4;0;96.09;-12.10972;-77.05194;1004.69;17.32
355;10069;150122;PE;Subgerencia de Desarrollo Ambiental;29/11/2020 04:00;55.13;6.55;97.53;0;105.64;26.93;0;72.16;0;96.98;-12.10972;-77.05194;1004.6;17.18
356;10069;150122;PE;Subgerencia de Desarrollo Ambiental;29/11/2020 05:00;65.19;7.01;97.11;0;153.17;33.16;0;71.82;0;97.68;-12.10972;-77.05194;1004.65;17.03
357;10069;150122;PE;Subgerencia de Desarrollo Ambiental;29/11/2020 06:00;90.78;7.22;100.03;0;94.3;28.85;0;77.38;0;98.22;-12.10972;-77.05194;1005.15;17.03
358;10069;150122;PE;Subgerencia de Desarrollo Ambiental;29/11/2020 07:00;143.36;7.99;98.88;0;59.85;19.03;0;82.39;0.01;98.25;-12.10972;-77.05194;1005.82;17.07
359;10069;150122;PE;Subgerencia de Desarrollo Ambiental;29/11/2020 08:00;131.77;5.63;97.76;0;70.99;17.9;0;84.07;0.39;97.76;-12.10972;-77.05194;1006.16;17.39
360;10069;150122;PE;Subgerencia de Desarrollo Ambiental;29/11/2020 09:00;115.35;5.23;79.78;0;48.97;16.24;0;87.31;0.88;95.07;-12.10972;-77.05194;1006.35;18.07
361;10069;150122;PE;Subgerencia de Desarrollo Ambiental;29/11/2020 10:00;36.47;0.4;66.87;0;29.04;10.93;0;87.47;1.77;94.09;-12.10972;-77.05194;1006.31;18.24
362;10069;150122;PE;Subgerencia de Desarrollo Ambiental;29/11/2020 11:00;5.4;3.66;37.66;0;36.27;13.09;0;91.5;2.53;91.23;-12.10972;-77.05194;1006.14;18.73
363;10069;150122;PE;Subgerencia de Desarrollo Ambiental;29/11/2020 12:00;17.58;4.98;56.41;0;40.79;14.61;0;93.54;2.06;90.96;-12.10972;-77.05194;1006.04;18.74
364;10069;150122;PE;Subgerencia de Desarrollo Ambiental;29/11/2020 13:00;20.19;7.3;59.99;0;35.57;14.4;0;92.67;2.24;89.05;-12.10972;-77.05194;1005.76;19.18
365;10069;150122;PE;Subgerencia de Desarrollo Ambiental;29/11/2020 14:00;24.49;13.88;51.77;0;39.53;16.37;0;92.36;1.57;88.14;-12.10972;-77.05194;1005.35;18.94
366;10069;150122;PE;Subgerencia de Desarrollo Ambiental;29/11/2020 15:00;137.52;18.19;102.58;0;48.55;16.61;0;91.96;0.7;91.57;-12.10972;-77.05194;1005.14;18.6
367;10069;150122;PE;Subgerencia de Desarrollo Ambiental;29/11/2020 16:00;134.97;21.61;107.22;0;71.11;19;0;93.78;0.42;91.36;-12.10972;-77.05194;1004.73;18.68
368;10069;150122;PE;Subgerencia de Desarrollo Ambiental;29/11/2020 17:00;178.57;22.23;113.22;0;91.84;21.9;0;97.46;0.31;93.55;-12.10972;-77.05194;1004.63;18.12
369;10069;150122;PE;Subgerencia de Desarrollo Ambiental;29/11/2020 18:00;203.75;22.24;117.22;0;87.33;20.79;0;95.93;0.06;95.12;-12.10972;-77.05194;1005.13;17.85
370;10069;150122;PE;Subgerencia de Desarrollo Ambiental;29/11/2020 19:00;267.45;21.43;118.94;0;79.49;18.87;0;90.1;0;94.79;-12.10972;-77.05194;1005.73;18.06
371;10069;150122;PE;Subgerencia de Desarrollo Ambiental;29/11/2020 20:00;256.7;19.4;117.33;0;94.24;22.37;0;92.96;0;93.61;-12.10972;-77.05194;1006.24;18.27
372;10069;150122;PE;Subgerencia de Desarrollo Ambiental;29/11/2020 22:00;180.3;13.5;109.34;0;142.98;29.7;0;87.27;0;95.48;-12.10972;-77.05194;1007.05;17.85
373;10069;150122;PE;Subgerencia de Desarrollo Ambiental;29/11/2020 23:00;132.91;10.24;104.03;0;118.12;26.29;0;79.53;0;95.67;-12.10972;-77.05194;1007.01;17.72
374;10069;150122;PE;Subgerencia de Desarrollo Ambiental;30/11/2020 00:00;89.57;7.75;98.58;0;104.09;25.78;0;73.79;0;95.73;-12.10972;-77.05194;1006.72;17.68
375;10069;150122;PE;Subgerencia de Desarrollo Ambiental;30/11/2020 01:00;53.32;6.19;92.75;0;70.07;20.62;0;70.43;0;96.2;-12.10972;-77.05194;1006.24;17.47
376;10069;150122;PE;Subgerencia de Desarrollo Ambiental;30/11/2020 02:00;62.15;6.24;95.71;0;80.28;27.57;0;70.18;0;96.73;-12.10972;-77.05194;1005.64;17.5
377;10069;150122;PE;Subgerencia de Desarrollo Ambiental;30/11/2020 03:00;64.25;8.13;96.48;0;125.91;35.88;0;71.3;0;96.67;-12.10972;-77.05194;1005.03;17.47
378;10069;150122;PE;Subgerencia de Desarrollo Ambiental;30/11/2020 04:00;55.65;7.26;96.54;0;82.68;22.38;0;71.22;0;97.9;-12.10972;-77.05194;1004.86;17.14
379;10069;150122;PE;Subgerencia de Desarrollo Ambiental;30/11/2020 05:00;60.1;7.25;97.46;0;87.29;24.08;0;70.15;0;98.35;-12.10972;-77.05194;1004.92;17.09
380;10069;150122;PE;Subgerencia de Desarrollo Ambiental;30/11/2020 06:00;81.12;7.39;98.15;0;74.58;20.18;0;81.56;0;98.64;-12.10972;-77.05194;1005.44;16.99
381;10069;150122;PE;Subgerencia de Desarrollo Ambiental;30/11/2020 07:00;136.6;7.74;101.99;0;50.08;15.14;0;90.1;0.07;98.76;-12.10972;-77.05194;1006.21;17.06
382;10069;150122;PE;Subgerencia de Desarrollo Ambiental;30/11/2020 08:00;170.44;8.31;97.64;0;62.56;17.12;0;94.72;0.35;98.15;-12.10972;-77.05194;1006.88;17.38
383;10069;150122;PE;Subgerencia de Desarrollo Ambiental;30/11/2020 09:00;315.97;12.68;99.5;0;67.21;18.81;0;99.81;0.53;97.87;-12.10972;-77.05194;1007.32;17.62
384;10069;150122;PE;Subgerencia de Desarrollo Ambiental;30/11/2020 10:00;202.59;8.91;90.3;0;83.07;20.18;0;96.93;0.77;97.46;-12.10972;-77.05194;1007.21;17.68
385;10069;150122;PE;Subgerencia de Desarrollo Ambiental;30/11/2020 11:00;213.16;8.76;84.72;0;62.49;18.41;0;95.15;1.02;95.42;-12.10972;-77.05194;1006.97;18.31
386;10069;150122;PE;Subgerencia de Desarrollo Ambiental;30/11/2020 12:00;121.05;4.64;61.35;2.07;25.38;10.69;0;95.99;2.27;87.93;-12.10972;-77.05194;1006.6;20.5
387;10069;150122;PE;Subgerencia de Desarrollo Ambiental;30/11/2020 13:00;67.11;7.5;26.28;2.55;18.28;8.08;0;95.73;2.33;85.11;-12.10972;-77.05194;1006.26;20.12
388;10069;150122;PE;Subgerencia de Desarrollo Ambiental;30/11/2020 14:00;142.59;19.11;43.16;88.47;36.53;15.02;0;96.13;1.94;79.42;-12.10972;-77.05194;1005.8;21.72
389;10069;150122;PE;Subgerencia de Desarrollo Ambiental;30/11/2020 15:00;210.36;22.12;84.97;77.04;57;21.19;0;97.87;1.5;81.67;-12.10972;-77.05194;1005.24;20.91
390;10069;150122;PE;Subgerencia de Desarrollo Ambiental;30/11/2020 16:00;171.08;26.85;101.49;77.18;59.83;21.7;0;96.71;0.9;88.77;-12.10972;-77.05194;1005.09;19
391;10069;150122;PE;Subgerencia de Desarrollo Ambiental;30/11/2020 17:00;162.2;24.78;115.99;68.39;39.38;15.7;0;95.87;0.54;90.95;-12.10972;-77.05194;1005.3;18.58
392;10069;150122;PE;Subgerencia de Desarrollo Ambiental;30/11/2020 18:00;289.13;29.98;126.79;60.07;59.29;20.89;0;94.74;0.16;91.34;-12.10972;-77.05194;1005.69;18.63
393;10069;150122;PE;Subgerencia de Desarrollo Ambiental;30/11/2020 19:00;261.99;26.99;124.06;62.85;59.57;20.26;0;92.35;0;92.17;-12.10972;-77.05194;1006.39;18.18
394;10069;150122;PE;Subgerencia de Desarrollo Ambiental;30/11/2020 20:00;218.37;22.61;122.7;64.26;64.08;20.29;0;90.08;0;95.1;-12.10972;-77.05194;1007.08;17.67
395;10069;150122;PE;Subgerencia de Desarrollo Ambiental;30/11/2020 21:00;190.71;19.5;116.69;65.75;64.76;19.84;0;88.28;0;95.94;-12.10972;-77.05194;1007.68;17.54
396;10069;150122;PE;Subgerencia de Desarrollo Ambiental;30/11/2020 22:00;204.98;17.91;118.92;61.19;75.44;20.65;0;87.98;0;96.11;-12.10972;-77.05194;1007.9;17.63
397;10069;150122;PE;Subgerencia de Desarrollo Ambiental;30/11/2020 23:00;207.34;14.48;115.61;65.78;116.73;22.77;0;85;0;95.73;-12.10972;-77.05194;1008.01;17.86
